id,AG_Livestock_CH4,AG_Livestock_N2O,AG_Crops_CO2,AG_Crops_CH4,AG_Crops_N2O,EN_Building_CO2,EN_Building_CH4,EN_Building_N2O,EN_ElectricityHeat_CO2,EN_ElectricityHeat_CH4,EN_ElectricityHeat_N2O,EN_FugitiveEmissions_CO2,EN_FugitiveEmissions_CH4,EN_FugitiveEmissions_N2O,EN_ManufacturingConstruction_CO2,EN_ManufacturingConstruction_CH4,EN_ManufacturingConstruction_N2O,EN_Transportation_CO2,EN_Transportation_CH4,EN_Transportation_N2O,IN_IndustrialProcesses_CO2,IN_IndustrialProcesses_CH4,IN_IndustrialProcesses_N2O,IN_IndustrialProcesses_HFCc2f6,IN_IndustrialProcesses_HFCc2h3f3,IN_IndustrialProcesses_HFCc2hf5,IN_IndustrialProcesses_HFCc3f8,IN_IndustrialProcesses_HFCc3h2f6,IN_IndustrialProcesses_HFCc3h3f5,IN_IndustrialProcesses_HFCc3hf7,IN_IndustrialProcesses_HFCc4f10,IN_IndustrialProcesses_HFCc4f6,IN_IndustrialProcesses_HFCc4h5f5,IN_IndustrialProcesses_HFCc5f12,IN_IndustrialProcesses_HFCc5f8,IN_IndustrialProcesses_HFCc5h2f10,IN_IndustrialProcesses_HFCc6f14,IN_IndustrialProcesses_HFCcc4f8,IN_IndustrialProcesses_HFCcf4,IN_IndustrialProcesses_HFCch2f2,IN_IndustrialProcesses_HFCch2fchf2,IN_IndustrialProcesses_HFCch3cci2f,IN_IndustrialProcesses_HFCch3ccif2,IN_IndustrialProcesses_HFCch3chf2,IN_IndustrialProcesses_HFCch3f,IN_IndustrialProcesses_HFCchf2cf3,IN_IndustrialProcesses_HFCchf2chf2,IN_IndustrialProcesses_HFCchf3,IN_IndustrialProcesses_HFChfcs,IN_IndustrialProcesses_HFCother_fcs,IN_IndustrialProcesses_PFCpfcs,IN_IndustrialProcesses_SF6,Waste_SolidWaste_CO2,Waste_SolidWaste_CH4,Waste_SolidWaste_N2O,Waste_WastewaterTreatment_CH4,Waste_WastewaterTreatment_N2O,LULUCF_ForestLand_CO2,LULUCF_ForestLand_CH4,LULUCF_Deforestation_CO2,LULUCF_Deforestation_CH4,LULUCF_OrganicSoil_CO2,LULUCF_OrganicSoil_N2O
1,0.29319043665389566,0.2314727954638977,23.326594037300048,1.1873689420420788,0.9941988781222324,4.307743571297519,0.0060897169148698,0.0050472903346724,7.299361746315483,0.007640812717287803,0.023060845763528064,0.2599167650022295,1.3377326853572782,6.155555529062986e-05,7.748007076927593,0.00985587262755667,0.015350024931029455,12.592816345374535,0.0039679043059574065,0.3560402291902638,13.620661205423735,0.0288966786608345,0.4976853394829919,0.0,0.6621901958550664,0.1945831328276182,0.0,0.0,0.0,0.0,0.0,3.1050153958237434e-10,0.0,0.0,1.1606405870150676e-06,0.0,0.0,0.0,0.0,0.0345420415006506,0.0,0.0,0.0,4.147087402404432e-07,0.0,0.1967361140891312,0.0,0.0,1.088051898981207,8.402451636891697e-06,1.16095108855465e-06,0.0,-1.3175934004553147,0.11108304041883554,0.011785738016894799,0.8281402428473799,0.7705574013623845,4.027555889780019,0.24106315110057688,0.06810562842905976,0.6645427639921987,0.022902857450537502,4.771069541928401
2,0.009928564551286325,0.28961396199591116,78.27300040184028,0.8698953579414423,0.3519691272179065,9.354430288229509,0.0062631105262305805,0.09638260618275671,3.3959212871552236,0.006600907424628922,0.010538554362662973,0.1835899987521022,0.155152028992551,4.869096856076929e-05,4.502494885023896,0.00542777034674479,0.013366384366945072,2.4136855701401343,0.0018657308274557167,0.016719862133430227,6.049081263743863,0.05934740025240991,2.731309456556067,0.0,0.2307370610560133,0.4847248033649072,0.0,0.0,0.0,0.0,0.0,1.458104650652061e-09,0.0,0.0,2.660601990236397e-05,0.0,0.0,0.0,0.0,0.0380543917020553,0.0,0.0,0.0,3.389716379262902e-07,0.0,0.1829781206995227,0.0,0.0,0.9364947157941366,0.0003028407241393,2.6607478007014617e-05,0.0,0.9435008215426852,0.6761797176787395,0.052393377503241904,2.1918083740117473,0.14259820236593437,2.0393607086883616,0.055671313432033395,0.3814325555479161,0.150160871535441,0.10354145327914141,17.544439932722643
3,0.08456359192333306,0.13906506577436917,44.98128005200809,1.2603318688758134,0.761879545893466,18.91592631974282,0.0223317028037027,0.059248120945888695,72.93901448713407,0.06219516130098175,0.07348259854568155,0.9058471628915477,2.5565238971320148,0.0002823203823002739,1.7209103296549682,0.006598695399899091,0.010684447969905938,87.81141626500623,0.111608820112877,0.1784738910767632,2.6388585897805243,0.025798282542057956,2.1190428200819085,0.0,0.2057324127552669,0.0872910784536983,0.0,0.0,0.0,0.0,0.0,5.978431703874724e-10,0.0,0.0,6.109690431659484e-06,0.0,0.0,0.0,0.0,0.0722635270256511,0.0,0.0,0.0,1.3446857787713857e-07,0.0,0.0662979350453584,0.0,0.0,0.43158508774855286,0.0001993551516576,6.110288274829871e-06,0.0,0.7647254852549802,0.5801928073865767,0.0223704403471259,0.5217120972641608,0.13277691389194543,-2.0801792235486056,0.18573767945723998,0.024190385383427306,0.1649425886782061,0.1178539988759197,8.549431756924257
4,0.08913922708902283,0.16962307688556233,23.00698517433982,0.3454287985675632,2.0913016389103345,4.897107092320816,0.006940914500466041,0.024765816174011263,7.299361746315483,0.007640812717287803,0.023060845763528064,0.2599167650022295,1.3377326853572782,6.155555529062986e-05,5.535815006828795,0.005708083060895178,0.011603487137226306,3.7062077846328805,0.008749265771716119,0.03769996282174557,6.437280776244903,0.0321408426165021,5.643019638133302,0.0,0.0189877836266714,0.2389209175418208,0.0,0.0,0.0,0.0,0.0,3.743595156328957e-09,0.0,0.0,2.5540184149421456e-05,0.0,0.0,0.0,0.0,0.006278902139137701,0.0,0.0,0.0,4.0046621782150637e-07,0.0,0.0112055285340599,0.0,0.0,0.2753935323079078,0.0002386426768182,2.5543927744577785e-05,0.0,0.5132838870782225,0.18266630056160973,0.018340005690685803,0.7072719794176188,0.02762201549238883,5.688577633795502,0.1679615289225563,0.03715880957783057,0.1275544223389512,0.030957846884649903,6.081237273324565
5,0.04050610566760028,0.2294738989717112,28.048033698302813,0.2638055798627764,2.032315760373145,3.8073333848856636,0.0031573034548605,0.008765702141442,4.893175092173893,0.0031856332853721116,0.015298574861599027,0.3654015731981708,2.4815539359585403,5.374908299745823e-05,8.162800000074473,0.007340160404498694,0.025376204391068417,25.164051522677497,0.02554416544789742,0.30755329671896126,5.729938854164449,0.0364038771713025,2.0741494711239707,0.0,0.0518100787500203,0.35192654471784957,0.0,0.0,0.0,0.0,0.0,5.3135216380710276e-09,0.0,0.0,3.108882721211797e-05,0.0,0.0,0.0,0.0,0.1046391974880346,0.0,0.0,0.0,5.100577910435103e-07,0.0,0.32612925159686834,0.0,0.0,0.8345055826105641,0.0002470136434518,3.109414073375604e-05,0.0,0.2909508845700183,0.3983730580309779,0.041159333556005206,0.1786873887828266,0.3158042354373968,1.6734523263000356,0.1571328096798036,0.05469984134452966,0.7252136450133537,0.37489008057380424,1.0387761338839527
6,0.048981903458365374,0.9035772302280086,0.0348262341904985,0.1435243723274381,3.7695748671030644,4.723614186654245,0.0029443035700814,0.0139435974680788,13.167277494534055,0.006636278658192281,0.032462780226605294,0.3455827202467114,1.2816620631779672,8.488238189329508e-05,9.186054051921113,0.0094458996408411,0.023502854030712898,288.02037918459524,0.05226967012258869,1.910197723131321,12.575708719229372,0.049192224759827596,11.0515477626736,0.0,0.0295361838209925,0.11299995123144099,0.0,0.0,0.0,0.0,0.0,1.839561001677111e-09,0.0,0.0,3.116075875458722e-06,0.0,0.0,0.0,0.0,0.0129473231651587,0.0,0.0,0.0,1.722302261060474e-07,0.0,0.0333633765498641,0.0,0.0,0.1888470069976827,0.0002392958662631,3.117915436460399e-06,0.0,0.110090314294261,0.46138480795033204,0.04492492722467662,0.2760896955070922,0.13799108265955223,3.2338937404993198,0.24497407156472079,0.2866982010164427,0.4159618067159351,0.0731111418351973,6.580527545720877
7,0.07858823123595378,0.7361580167560291,4.735183820981819,0.7121760599715768,0.6383305779233229,5.779445106694972,0.0073724229439862,0.028329125342102,7.299361746315483,0.007640812717287803,0.023060845763528064,0.2599167650022295,1.3377326853572782,6.155555529062986e-05,3.113961697526738,0.0054829379275714235,0.006466477791974418,5.407695538690615,0.003221775468928312,0.19517542946718913,7.615839358411473,0.019692813715129702,0.07961145346112021,0.0,0.5074252520268109,0.16739610973616878,0.0,0.0,0.0,0.0,0.0,1.3415030482370687e-09,0.0,0.0,1.11828029164564e-05,0.0,0.0,0.0,0.0,0.0488013161613584,0.0,0.0,0.0,2.821988772313473e-08,0.0,0.030765828952023698,0.0,0.0,0.7543885350962496,3.413352363874049e-05,1.1184144419504638e-05,0.0,0.4016643238176594,0.44447539470367753,0.003743786423978163,0.133109646140221,0.028158985451577297,-0.7460638818666465,0.1861248733463586,0.33542459723221435,0.1119093758647552,0.0812548108211434,6.754338333513358
8,0.36887295878480014,1.3036334680941912,76.59670198006425,1.0021729380007205,2.0478371533690334,4.057123484996997,0.0052628879938887,0.0093996928933672,2.6868971569175257,0.006729939035243551,0.012778198764307415,0.18811297800826365,0.6072277578972795,2.452010963584877e-05,1.2703162290194459,0.0013400383483424833,0.002512076287959597,1.1409250597540368,0.0033424347138877844,0.019704181564815758,3.1006696337202784,0.05082299421787427,0.0273755272140286,0.0,0.2808211779163337,0.2044105164802295,0.0,0.0,0.0,0.0,0.0,5.321614568853818e-12,0.0,0.0,3.351093663582037e-06,0.0,0.0,0.0,0.0,0.0302164439001915,0.0,0.0,0.0,9.427439248318957e-08,0.0,0.2096868538972031,0.0,0.0,0.7251350864683507,4.271222128238088e-05,3.3510989851966057e-06,0.0,0.8254845121965844,0.14257600777885776,0.019787406916585103,0.0793887151649157,0.017784035505199185,5.280930794723988,0.12697039470720178,0.35564854593354983,0.3648585081305003,0.230123128557954,5.859439484527784
9,0.03683058262098965,0.15351787372666748,66.53958688374324,0.8799448985437043,0.5851138059621049,2.4926773239941404,0.0022409788073198,0.0103535876044238,26.627103847018265,0.010661794711120698,0.10723290321371881,0.28666910062767526,1.0907006697914374,4.8172480812459467e-05,4.877080434025846,0.002615002311985801,0.003788924209371499,3.1519726045089986,0.0035448341695558834,0.020078688625419682,2.5114765480283707,0.0577110427057576,10.027586798668004,0.0,0.333417076164497,0.0545111182768086,0.0,0.0,0.0,0.0,0.0,7.856573008789087e-11,0.0,0.0,6.552972482701947e-06,0.0,0.0,0.0,0.0,0.0248217367501958,0.0,0.0,0.0,4.595008681777529e-08,0.0,0.029315412718474602,0.0,0.0,0.442065389860063,6.629824332424253e-05,6.5530510484320345e-06,0.0,0.0098968785639729,0.15196506463263157,0.02331822590942229,0.7228350503670322,0.4551430195673048,5.157959666844456,0.0177995228713414,0.4948617802320075,0.4194606826164004,0.09689251799838859,9.548743962793836
10,0.04478811678935013,0.2928082857632035,29.60175451661956,0.3307280736004669,1.9483801680660082,9.53872125402785,0.0101840405596912,0.0220947794571078,18.2899658686223,0.011695275723462748,0.06311508196084754,0.7405234379997673,0.8573720881366879,8.15314751630431e-05,8.406732221701786,0.0016220724340384252,0.004989880806037156,8.32749969544135,0.014479644005562673,0.1484411766325972,8.33385363563282,0.1279634298125765,3.633672454294921,0.0,0.3318261799942946,0.1808155250077216,0.0,0.0,0.0,0.0,0.0,1.4072432393183427e-09,0.0,0.0,2.5921425107336262e-06,0.0,0.0,0.0,0.0,0.0262192941033352,0.0,0.0,0.0,1.0328766834266462e-07,0.0,0.1396579461840351,0.0,0.0,0.6785190485770549,0.0001009413702344,2.5935497539729446e-06,0.0,0.7471569962446154,0.5662676139767374,0.0318481672610758,0.47528169182684554,0.03508534968498201,-0.8951700902789941,0.010937811627791599,0.47475051336830915,0.2218532199175292,0.040047662542885804,3.860076260554605
11,0.02277605785094113,0.13424033931802837,0.0354786797542581,0.6944967638051821,2.924378137249268,8.639685775710227,0.005240042562262393,0.0105968221224004,7.299361746315483,0.007640812717287803,0.023060845763528064,0.2599167650022295,1.3377326853572782,6.155555529062986e-05,10.160764227587547,0.02568791990275019,0.030564478310792828,0.3328916361550361,0.001589939426303547,0.027320023280438296,26.053628594715477,0.0477543314721567,0.2807491230524634,0.0,0.2876720008021277,0.1811814221351295,0.0,0.0,0.0,0.0,0.0,5.111936450905191e-10,0.0,0.0,1.7301030121215654e-05,0.0,0.0,0.0,0.0,0.07252721525922759,0.0,0.0,0.0,2.6096462350863134e-07,0.0,0.1802688093463296,0.0,0.0,0.7216497085074381,5.4362186110682765e-05,1.7301541314860743e-05,0.0,0.8753696118974066,0.3620975054831957,0.023852923765081,0.1401262876607993,0.08827384940872458,1.8863497996305048,0.1122639910353507,0.2199759137489035,0.3938670768998051,0.0710089546536087,0.6760218492401899
12,0.2065227893362782,0.9658359079909216,51.18413030140261,0.4611805654068552,0.8707850156939761,0.7417709710312653,0.0017405899017034,0.0033616090687266,7.13276025923236,0.01746644156124071,0.0668930477354201,1.1584554757922538,3.1662306251315164,0.00011400274239971212,3.6484497109538747,0.01688731710356485,0.01799947435464635,3.3831215499768446,0.0022784973575057303,0.04211162157271676,8.241802597346274,0.06495613987935969,3.102871754801178,0.0,0.0208284655874242,0.3717399707434138,0.0,0.0,0.0,0.0,0.0,1.3792247062940762e-09,0.0,0.0,8.51438593526227e-06,0.0,0.0,0.0,0.0,0.0423234757262818,0.0,0.0,0.0,5.207744207979435e-07,0.0,0.2323324394330336,0.0,0.0,0.6672248722645743,0.0002861106455773,8.515765159968565e-06,0.0,0.2793698383537442,0.29515732909642417,0.005616762999806082,0.5408984932838532,0.3864388745556381,3.624267166894663,0.0373942034931139,0.4036507040375979,0.5679957352268457,0.2015356766484175,5.767565344030214
13,0.045637490430565975,0.06718169277795406,17.37614472403325,1.0751065356851917,1.7863668310671936,3.1787338552048263,0.020361808014332003,0.0261517315476738,6.693446087927114,0.008158626912001029,0.020618488099783325,0.234310039305675,3.5845686306708666,2.083485706646856e-05,5.1508496173102,0.014138242603622208,0.014671515341747494,7.097924702238719,0.007475535287029143,0.1867133118111776,13.289564336706874,0.0202418298299326,0.9437331888793257,0.0,0.0306229710137138,0.2073891741299552,0.0,0.0,0.0,0.0,0.0,7.555914110214182e-10,0.0,0.0,6.2812475082561166e-06,0.0,0.0,0.0,0.0,0.0217778968452463,0.0,0.0,0.0,1.213512033879998e-07,0.0,0.19455192582986788,0.0,0.0,0.45434208916998675,1.6849403831689191e-06,6.282003099667138e-06,0.0,0.2668086965162726,0.2975064701289029,0.02252372024646708,0.1532664949695713,0.221009223545164,0.849217293488963,0.16721621353221588,0.46742096322893034,0.2464361055804869,0.09142960292135201,2.272860427196242
14,0.19516585649793408,0.45843597187491747,66.42743808722649,0.7588261142332932,1.6724438862353626,11.631348473867725,0.0089688068030539,0.041507434342826194,36.61197057601197,0.018707217510874216,0.17442983905752832,7.226038762779488,23.410136552048005,9.268604180282666e-05,8.675235528408876,0.005890303938912599,0.019602083221751967,7.481533004274549,0.004207751844706718,0.07009595590644607,1.7110560824967127,0.0295584894057628,1.0421650591467746,0.0,0.2640914043374576,0.366150178502478,0.0,0.0,0.0,0.0,0.0,6.014448701613562e-09,0.0,0.0,4.443554214541284e-05,0.0,0.0,0.0,0.0,0.0899560775772471,0.0,0.0,0.0,7.262021566551206e-07,0.0,0.3074918339822421,0.0,0.0,1.0276902206015817,0.0003025173170696,4.444155659411445e-05,0.0,0.0936242679053049,0.1879292279534533,0.018576061520173597,0.0721917076730135,0.10837421852778409,0.24327335253020999,0.1750555705990728,0.48206311571535587,0.2622771773282719,0.057902570549687,5.241863610046829
15,0.05581213755129898,0.36636941147125773,4.938061188059392,1.4286884081992084,2.5813400853471276,26.18262120345869,0.011302664784497402,0.0596778971843902,19.967398571822002,0.036772678342901294,0.030698128305299402,0.4530855661190711,3.0351420497561823,0.00013944435993657153,3.5136311689007123,0.006104507519062123,0.011514516100064322,27.044771782896046,0.005076369595632558,0.0522364876910357,17.849850044224354,0.006023396612611901,2.3155487573827207,0.0,0.0641402490231349,0.1951105548090488,0.0,0.0,0.0,0.0,0.0,7.609507784814899e-11,0.0,0.0,2.022655164187173e-06,0.0,0.0,0.0,0.0,0.0190633854619159,0.0,0.0,0.0,3.386759839687985e-07,0.0,0.29199073010936577,0.0,0.0,0.5703052580794494,5.2685414157437504e-06,2.022731259265021e-06,0.0,1.751787096698399,0.22824533353923493,0.033864043654152506,0.0603461271322709,0.1532550657061439,1.918709903271055,0.2020362651304076,0.20731960233397861,0.6588653459257143,0.061090506768518404,9.951403523836317
16,0.06272492119615791,0.5258161677258417,10.844645575634466,0.8625444826033628,1.988541768891458,15.385514317740817,0.0089205544734085,0.0445257643212605,7.299361746315483,0.007640812717287803,0.023060845763528064,0.2599167650022295,1.3377326853572782,6.155555529062986e-05,1.8891478741829442,0.0029462126647057433,0.008704485616275714,121.28500638226714,0.03205845458241057,0.23205133187618507,4.692613094244696,0.101162793752688,11.979334590063077,0.0,0.1138664543450207,0.2507538142028992,0.0,0.0,0.0,0.0,0.0,7.0041930485215e-10,0.0,0.0,2.833349981131904e-06,0.0,0.0,0.0,0.0,0.0317628066900875,0.0,0.0,0.0,1.8735286239050474e-07,0.0,0.1157102526714533,0.0,0.0,0.5120935152623234,4.86444837135259e-05,2.834050400436756e-06,0.0,0.7677568298450623,0.44754351100842876,0.0403670445395301,2.533142644644514,0.612601343321824,1.292922771570803,0.020444472115497,0.09557333005011107,0.3226788076123397,0.016449911740821402,5.840859608555546
17,0.02902864843679969,0.33905142299560204,0.079998344231017,0.1695576875613636,0.17054233423377652,9.09741260141171,0.030364341221154598,0.044745456867179,10.378714294412791,0.024087976678637237,0.0373909861896395,0.0986121828141402,0.623984144078146,5.46577629347282e-05,7.787856994398021,0.015308674576618917,0.01916804543179374,10.648892704057275,0.013228396349473395,0.18040793132743915,5.8818148810047255,0.0180344215421716,5.802844711336986,0.0,0.0031124058767009,0.1073696904099724,0.0,0.0,0.0,0.0,0.0,8.207226151321714e-10,0.0,0.0,3.397036538533297e-06,0.0,0.0,0.0,0.0,0.003116042045701402,0.0,0.0,0.0,1.7416764769522163e-07,0.0,0.041718914903261704,0.0,0.0,0.1553172274032842,9.00101118309007e-05,3.39785726114843e-06,0.0,1.918672570108226,0.2200265274040075,0.013711573593172799,0.5274748932216586,0.01059256024293387,1.1907318643526477,0.15921955330407972,0.14158689483744258,0.7745514134456486,0.24533382442626808,0.6182136000115976
18,0.0976894020468333,0.03138133877288633,1.5376013668376582,0.18948452620503473,1.4057142660639392,0.5851425039061912,0.00036217321209068467,0.0026564008355382785,7.299361746315483,0.007640812717287803,0.023060845763528064,0.2599167650022295,1.3377326853572782,6.155555529062986e-05,9.363560663435575,0.01622928621463084,0.018979146766065488,1.7846032144351651,0.0017971919720671313,0.014395999692491338,2.817793804963083,0.008152421668937,1.260091914835023,0.0,0.0913624623603671,0.41640478950654514,0.0,0.0,0.0,0.0,0.0,5.858360465358686e-10,0.0,0.0,1.4500441885581236e-06,0.0,0.0,0.0,0.0,0.0193389957659039,0.0,0.0,0.0,3.6463116296281286e-07,0.0,0.0605830458752898,0.0,0.0,0.5876896581392692,6.255694108450253e-06,1.4506300246046595e-06,0.0,-0.3748715516391274,0.061444548648179026,0.017552777890684646,0.006887646242139881,0.0057431548481894825,6.600788705709223,0.044311717653471194,0.13289616947540925,0.6931091090866685,0.21555099419476942,7.073004674450194
19,0.07047416345991317,0.5166276612331913,0.43523835777244707,0.6259433351825431,1.0699018043688764,1.9025704373084276,0.002650519041749,0.0087413380043207,28.911569969312733,0.0335758611081448,0.051414003429347405,0.5631692479502599,0.8193530241491809,0.00010499864561348926,4.886178834419378,0.010858256166619791,0.016806184324362077,15.209965643595893,0.006760784767191113,0.3352088007163896,4.088277300573794,0.023068873538597,8.351016887724525,0.0,0.132818173787278,0.1055211215304715,0.0,0.0,0.0,0.0,0.0,8.06374528485079e-10,0.0,0.0,3.459700002209358e-05,0.0,0.0,0.0,0.0,0.048009565576512606,0.0,0.0,0.0,3.830580700349754e-07,0.0,0.3116129360171183,0.0,0.0,0.5979621799694507,0.0002623541024452,3.4597806396622065e-05,0.0,0.5649087417652963,0.5455237251981471,0.0169163978407616,0.3221426021812004,0.2434196902164802,5.688613822103707,0.1073895486722628,0.057831685420819755,0.5332445032527346,0.0584539094318582,5.730692134756145
20,0.26354680980189193,0.35762938769571445,40.47134583217787,0.9192572308119195,1.7802892811555047,14.781695519480795,0.0515497004431022,0.024280907949135802,9.744055196350237,0.0139628961454018,0.022925483679378796,2.590961088526744,2.4594240806136316,0.0006114975153978865,4.011995883340064,0.005315244978905628,0.012176622719580239,13.70193519310262,0.06051420944276348,0.05230151428873579,6.604735355075891,0.0439761908118691,0.3518113958172755,0.0,0.0424688055080778,0.1921097320401555,0.0,0.0,0.0,0.0,0.0,4.240852314911488e-10,0.0,0.0,3.49100548380396e-05,0.0,0.0,0.0,0.0,0.0244115976824907,0.0,0.0,0.0,2.226897936225489e-07,0.0,0.1449950200849825,0.0,0.0,0.40398537800550033,0.0001029570315813,3.4910478923271087e-05,0.0,0.4462311905940134,0.192466641843278,0.018707368128766305,0.6549886409204052,0.2918644203194938,2.2253756033022185,0.15156408184550518,0.10825934162538747,0.4699434515568986,0.1249381316908022,5.285716036970751
21,0.07392537700745055,0.45366269431189665,67.53807547559195,0.7289202102493529,1.1203032636025139,2.911776521487983,0.0028228436736118,0.0191785122558738,4.852704034712838,0.014121206258944849,0.018735108752132825,0.0449725611245117,0.6802170761641188,8.304066439972014e-05,3.7595438884236714,0.002841221382965017,0.008134142696210581,8.383665635448592,0.05734445156708533,3.0374291517302527,1.7419579700033656,0.043649139111298495,10.315864136364997,0.0,0.0018360713118924,0.3318887927348322,0.0,0.0,0.0,0.0,0.0,5.557222547086705e-10,0.0,0.0,5.593884205117655e-06,0.0,0.0,0.0,0.0,0.039959143625706094,0.0,0.0,0.0,1.4107433798768882e-08,0.0,0.2089045380694359,0.0,0.0,0.5825885598493006,0.0001796751581983,5.594439927372363e-06,0.0,1.6940293814110237,0.136170286440166,0.0191778922911091,0.22137444967329045,0.07909725965839727,2.4986326623915263,0.09209967925787081,0.07081634253929212,0.4461649165384859,0.1132169913802325,6.911423087505503
22,0.1921968997164262,0.5848791840020442,55.29065217115066,0.7356950740648981,1.0551954193493895,3.411061278205951,0.0030723376141888,0.0068318489720594,119.73578116003245,0.10946868318296285,0.2259570497395119,0.6664107230204718,6.697367489702456,0.0004895414955136,3.4051648586130576,0.0037749301341419416,0.011515404443799287,31.119074221159455,0.01696869391153753,0.4939941403680878,5.393684145021348,0.0500186430360461,1.3841897763345998,0.0,0.056041689123096,0.2816499986062665,0.0,0.0,0.0,0.0,0.0,7.64623398907837e-14,0.0,0.0,2.4026649769823983e-08,0.0,0.0,0.0,0.0,0.003813579957777373,0.0,0.0,0.0,3.688576557223743e-07,0.0,0.0877933863215318,0.0,0.0,0.4292990228663274,3.7915029878868283e-07,2.4026726232163872e-08,0.0,0.4445874563973265,0.8392217987941772,0.025386225724247896,0.2106655480050874,0.11177902215693136,4.2777541239366705,0.2292249638628463,0.459466209157068,0.0877958764463109,0.0431844057008264,5.332496887242453
23,0.14307555100472885,0.7790972719935216,0.0893995191971512,1.2232219416075973,1.2119328376797285,6.146855499676864,0.0049856785754459005,0.009793066192385801,7.299361746315483,0.007640812717287803,0.023060845763528064,0.2599167650022295,1.3377326853572782,6.155555529062986e-05,3.255376126847784,0.004456061397560732,0.009252861577677952,0.5268830176250882,0.0009895584615726358,0.02351379866860923,6.58871697497853,0.071829676698294,9.165256274720974,0.0,0.0460050974818662,0.3416893761395447,0.0,0.0,0.0,0.0,0.0,1.7693355339560407e-10,0.0,0.0,6.784640702866202e-07,0.0,0.0,0.0,0.0,0.0119805585496773,0.0,0.0,0.0,3.597393796719921e-07,0.0,0.10534044104908649,0.0,0.0,0.5050158329595544,2.1760329164606385e-06,6.786410038400158e-07,0.0,0.641124449891266,0.4003211312706313,0.011553328185737599,0.4014073705890702,0.2071181271503606,5.9063243594366694,0.005371300915276499,0.17799639355049804,0.3012925236779017,0.057435198143547805,0.9324840427467642
24,0.014143419974306366,0.5638709550867813,0.09274068922053,0.7715966607461573,7.395169237158894,7.849513886531115,0.010572203453313,0.0258279608744605,12.600958681634719,0.008047980333057357,0.0702928203509409,0.19119617065705152,3.090366166440757,4.066076531775183e-05,4.431674584985041,0.005272471657113936,0.020227831384683065,11.388182984927507,0.005168475712585603,0.12980531094484396,5.9321340886273966,0.015708822687061898,0.2698980114428712,0.0,0.0243034615030244,0.1945425852345123,0.0,0.0,0.0,0.0,0.0,2.1193895690597343e-10,0.0,0.0,1.163498981483265e-06,0.0,0.0,0.0,0.0,0.0227847363676492,0.0,0.0,0.0,1.852168281138226e-07,0.0,0.1297968700752172,0.0,0.0,0.3714278383972315,7.775860453704397e-05,1.163710920440171e-06,0.0,1.769653823682385,0.6189441607756204,0.0225559669122909,0.0637446287917858,0.08051409238316898,5.058039958065393,0.1768806943077929,0.07753277599128504,0.5139140351091454,0.4590163317088043,1.692459602594119
25,0.012568610020297624,0.4801533720472496,24.559896196688896,1.3560619081505139,0.8032152716059558,10.833013041273972,0.0170464962094709,0.0176910035091652,7.299361746315483,0.007640812717287803,0.023060845763528064,0.2599167650022295,1.3377326853572782,6.155555529062986e-05,7.334721970512797,0.01004224111085039,0.012691561531323526,10.217799915044816,0.0055614019269643045,0.09282430425097554,11.97132055059202,0.07126414488735,8.669974291296494,0.0,0.2089703400939528,0.0725941615858415,0.0,0.0,0.0,0.0,0.0,1.3517370079195567e-10,0.0,0.0,1.2997461267247322e-05,0.0,0.0,0.0,0.0,0.0497793806442504,0.0,0.0,0.0,1.7527757682795068e-07,0.0,0.1976741809656572,0.0,0.0,0.5290182385672788,6.852262058845945e-05,1.2997596440948112e-05,0.0,0.6402901678573905,0.17539768321148747,0.0018946582274313,0.5612738214324772,0.01815025169092775,4.4500552044352375,0.007489858123563601,0.037411810385500656,0.1690479331937686,0.2196820501359616,12.540411900109774
26,0.0034342302855222256,0.12352971658418135,65.07845506032076,0.5915795424277702,1.7589776519747964,6.718806333242359,0.0209350367666471,0.060345691222866,15.62258299459189,0.02386224219880668,0.050905140579312266,0.1751435380603179,1.264689765970686,5.398617164585759e-06,3.8028165059705232,0.009729468401611527,0.022012404559281083,1.5675092417178014,0.0006745448303896659,0.05815067154854324,4.455247694419747,0.0663612988167423,0.8883722039704951,0.0,0.1544661815093342,0.06092685846650241,0.0,0.0,0.0,0.0,0.0,4.27383889751246e-09,0.0,0.0,1.4426071183469869e-05,0.0,0.0,0.0,0.0,0.0432099506269176,0.0,0.0,0.0,1.831467132356594e-07,0.0,0.2064183803197524,0.0,0.0,0.46502155406922,0.0001990836980749,1.443034502236738e-05,0.0,0.1618633851591539,0.0911006490241014,0.018044463825119903,0.5088094102445124,0.2023098100717086,4.64448385211259,0.0603576963613642,0.23212601400980787,0.009919456128759,0.042414686692122096,12.248711323736675
27,0.01583261290784993,0.3480238676852706,0.08976299462847749,1.0691864285797537,7.094138875147351,10.820909383050914,0.0111105833115034,0.0227104952486007,858.7874920928464,0.77108328035395,0.9448977736901522,1.1719802049066221,10.558726146268206,0.0036347680222129,3.2389203912581848,0.001969056683716487,0.006502355262921217,145.32643001287528,0.09893439375562842,1.5009644754976654,2.2394550165642704,0.10289526715607439,0.4598438769990318,0.0,0.4955960690622938,0.2994388899466603,0.0,0.0,0.0,0.0,0.0,2.665961855014968e-10,0.0,0.0,1.264254599073781e-06,0.0,0.0,0.0,0.0,0.027390145169125503,0.0,0.0,0.0,9.564376674466371e-08,0.0,0.1999182633122091,0.0,0.0,1.0223434631340556,1.4398933035782369e-05,1.2645211952592823e-06,0.0,0.651837631968664,0.4524055492626554,0.016758083017118,0.1976120908557666,0.7394158780051868,0.6119852766996772,0.09882798316910811,0.22948624853731028,0.8145000965235273,0.2904290026773263,0.8620064885959443
28,0.019073523791703347,0.04846891734030638,42.471405271630005,1.1913664822707448,2.1370317032349035,11.705480977747698,0.006743521162042,0.0233407357609033,18.968757108084525,0.009659161884631395,0.026664208902948596,0.6794393154236663,1.307087416988666,0.00018821555649566204,13.369805120819272,0.002462523890889753,0.01298869314208404,34.889278518003394,0.004455596976655886,0.11548560853582314,11.064327311764856,0.012418223166315,0.4418452987158782,0.0,0.0892263149397119,0.285971693983529,0.0,0.0,0.0,0.0,0.0,2.422704560576829e-09,0.0,0.0,2.4069300798689053e-05,0.0,0.0,0.0,0.0,0.0613571306734149,0.0,0.0,0.0,1.7725003858674693e-07,0.0,0.228899581371202,0.0,0.0,0.6654548982178967,0.0001068095954485,2.407172350324963e-05,0.0,0.2023366571798863,0.38599722680555165,0.0111594450023905,0.31302107641198607,0.09595595146484329,2.8607402953868797,0.1686296714441923,0.5005406792571896,0.4589237804170092,0.2696172223024358,6.137523097296138
29,0.0519361067388479,0.0262197539682198,0.07103806490821041,0.3643476357935453,0.5398455842314874,1.1249012485743861,0.0031450714485018,0.0035823375818824,7.299361746315483,0.007640812717287803,0.023060845763528064,0.2599167650022295,1.3377326853572782,6.155555529062986e-05,5.313495728731371,0.011994562009362445,0.005578928912750527,36.92528315195148,0.10453164713125729,0.1742793850924068,15.039636164745312,0.024533317637620303,5.649904028274341,0.0,0.0996458916245445,0.1013403351148297,0.0,0.0,0.0,0.0,0.0,2.022929024610627e-09,0.0,0.0,1.2759813200628066e-06,0.0,0.0,0.0,0.0,0.0397754312851804,0.0,0.0,0.0,9.853556927126102e-08,0.0,0.1763034441974067,0.0,0.0,0.4170652007575309,2.9096725094196627e-05,1.2780042490874171e-06,0.0,0.5296592191160026,0.7107171131449612,0.0063603802701371,1.1888986856704593,0.18601216269653173,4.623476544988689,0.2124666414194104,0.3241617105462987,0.3323318941000195,0.0202202865034077,2.946115665476527
30,0.036864242234162556,0.3071945197555752,12.276069894439996,1.341305193578606,3.288099081673753,3.0890565038362077,0.003249875019736143,0.009886496947362001,24.381496612945362,0.00814438206037993,0.02440618820656202,0.0613400620439368,0.6286080852757875,0.00019697203590887932,10.478396616430745,0.009352826142389123,0.017854480233177112,24.405028691777026,0.00862290458144147,0.20014777125715488,2.510628256586103,0.048186318367309196,9.060918233183415,0.0,0.0690682891885335,0.056680848736057,0.0,0.0,0.0,0.0,0.0,5.684328746729441e-09,0.0,0.0,3.901353680524802e-05,0.0,0.0,0.0,0.0,0.0792649143898726,0.0,0.0,0.0,4.400633823042425e-08,0.0,0.0372498288591633,0.0,0.0,0.24226392517996478,0.0003984053421185,3.901922113399475e-05,0.0,0.3929778372135269,0.2993442794871156,0.017863529339465514,0.1815005658948859,0.08439134393456081,3.9304950357631165,0.139229351993145,0.04618783858174698,0.6201137593530334,0.4052224042533213,3.1919985035771243
31,0.06479708546974575,0.056486102560626986,41.88718721832764,0.9274290962838813,0.3471798123906219,3.8417150429459395,0.0042161579331268,0.0097786761923626,7.770729895781125,0.03039642758085846,0.15037270152154428,1.8837595781702219,31.1824968506819,8.883281331345851e-05,0.37730928662945445,0.005517738955069767,0.006502432872849928,2.0748939899784746,0.004100537797897656,0.05083368789149261,0.3724218209992026,0.005086479930054738,3.723071210237748,0.0,0.411727563293594,0.4273715790903271,0.0,0.0,0.0,0.0,0.0,8.807598338321531e-10,0.0,0.0,6.268087781770933e-06,0.0,0.0,0.0,0.0,0.015391255834973899,0.0,0.0,0.0,4.931499727784034e-07,0.0,0.3036086549883537,0.0,0.0,1.1580995463572217,6.566509141907675e-06,6.268968541604765e-06,0.0,0.505791656074612,0.2619066532358317,0.0214731798701675,1.2286668883135803,0.48273514391670935,4.012842462773075,0.015886111528316798,0.38288361595061726,0.2264338610198283,0.190051816931224,10.525874267755343
32,0.028440507337208924,0.40374312806580304,36.09535302444372,1.3072297590976625,4.28227552722812,7.152225003730397,0.0068788028245752,0.0264525282046048,7.299361746315483,0.007640812717287803,0.023060845763528064,0.2599167650022295,1.3377326853572782,6.155555529062986e-05,8.685464783005834,0.008355229530760124,0.02188896282869621,5.096650036121386,0.003001422087610476,0.3669713343096565,6.049549212249711,0.039095332353288104,2.048373139614069,0.0,0.4199738823070008,0.3297582330836181,0.0,0.0,0.0,0.0,0.0,3.393006421727361e-10,0.0,0.0,6.974929556009242e-07,0.0,0.0,0.0,0.0,0.0328734890623826,0.0,0.0,0.0,3.285060751093742e-08,0.0,0.0612620707651121,0.0,0.0,0.8438677080687214,3.564292313181986e-05,6.978322562430969e-07,0.0,0.0868484403860039,0.3973816208182772,0.04092142980431591,0.5251591159789076,0.02736242086315842,0.002373269135709677,0.0967149235762899,0.26183100947370763,0.0454775269590177,0.0437202366906443,14.29009035825349
33,0.012894586990190814,0.6749402699573244,3.6626308402365404,0.7843836229939164,0.5311575845997619,13.463863285924027,0.0154934585738521,0.053089824765626,30.890766742442214,0.0157865135419984,0.08962458395003588,0.7928044437105364,8.814818858677013,1.8066217157169468e-06,3.6860253614947474,0.007422697752071665,0.015425523843807168,5.4476527516104385,0.003629290776342235,0.041589315122159125,4.417221719458218,0.0167295230529207,2.26398662280371,0.0,0.2182066339775782,0.1334656130382207,0.0,0.0,0.0,0.0,0.0,2.8007400864407983e-11,0.0,0.0,7.522077201792614e-07,0.0,0.0,0.0,0.0,0.0018239586228258,0.0,0.0,0.0,1.1524019500555116e-07,0.0,0.0892749564193735,0.0,0.0,0.4427712772981935,4.573391839059396e-06,7.522357275801259e-07,0.0,0.5757451039793883,0.1705229970232729,0.007211188565559699,0.2981525521397297,0.2584159843392964,1.1175468294303321,0.2112913499651843,0.2523798283397823,0.3569691248134941,0.1931076952831547,10.032992224019521
34,0.024863096600961594,0.22698336800490143,18.394532237948955,1.60850529835514,3.063670671035224,12.27615014733988,0.0090569972088979,0.0502600034616552,14.031534425188678,0.02002379062361566,0.03915211402601245,0.5631055706775668,3.66739575762278,0.0002908297647278,2.182908090189836,0.0025324953814770323,0.005265607191282371,3.1355121803809185,0.007617170806836561,0.02230763540575411,3.1971521542910075,0.0176142598171248,0.23259137703151161,0.0,0.0293750424434039,0.0291749211249275,0.0,0.0,0.0,0.0,0.0,6.117933945811374e-10,0.0,0.0,1.925590812376132e-06,0.0,0.0,0.0,0.0,0.0051422022618121,0.0,0.0,0.0,1.387997481308195e-07,0.0,0.0970912251337333,0.0,0.0,0.1607835297636251,3.039441652406563e-05,1.9262026057707126e-06,0.0,0.9696485819127802,0.5961818168225961,0.042430819722415594,0.206384644885524,0.8209233258474918,0.21678480557560087,0.045856932295416,0.3963539924007969,0.0352746289653552,0.0734057458747504,8.219100316075316
35,0.21406917239967935,0.35560517397681035,28.683946214988683,0.0409169869665865,0.4657296801645885,7.727126317167041,0.0034948190754063996,0.053365083276094,51.59982461262058,0.019753712097141,0.1290253451245986,0.5095779233059907,11.265303904823272,3.4463001950681606e-05,3.02494725141412,0.015970233435836995,0.00924996612434249,7.4991975351595945,0.018058108572649438,0.06712332839469155,6.37434882297527,0.0129691958622935,0.7023833944987627,0.0,0.1893786399272217,0.38866597552584037,0.0,0.0,0.0,0.0,0.0,2.2702808571403527e-10,0.0,0.0,7.075855414484737e-07,0.0,0.0,0.0,0.0,0.0366604440155238,0.0,0.0,0.0,1.8844410569998747e-07,0.0,0.1219838271672234,0.0,0.0,0.736689075079915,6.952658438018514e-06,7.078125695341878e-07,0.0,0.176965690121357,0.17592193085026783,0.0115636956087301,0.24841330746098259,0.17982203300721147,3.2405902523601138,0.0806944021405239,0.48308153455858666,0.391288465574888,0.1288864433468922,14.986103181815077
36,0.006836423832179114,0.16425000808155182,0.0468208672950085,0.8482270348570137,1.3785894677125328,3.186352558814632,0.0016993508610159,0.010343411137121901,7.299361746315483,0.007640812717287803,0.023060845763528064,0.2599167650022295,1.3377326853572782,6.155555529062986e-05,5.061094744129303,0.011122256336571405,0.0202989614921387,7.61448510997473,0.002774792990290974,0.1808942459476661,2.969078902600291,0.0711196650661323,1.6766149231429301,0.0,0.0595228746002664,0.1103080907342321,0.0,0.0,0.0,0.0,0.0,1.165101506534534e-09,0.0,0.0,2.9691139456888586e-06,0.0,0.0,0.0,0.0,0.0271148826318904,0.0,0.0,0.0,1.4019594291340054e-07,0.0,0.0942450870351918,0.0,0.0,0.2911910751975237,1.971012788387289e-05,2.970279047195393e-06,0.0,0.0925614843288452,0.5758490452966524,0.03061991041854189,0.14236833248747788,1.1243450467364093,-0.7475080325503396,0.12077670850681109,0.5176086170634134,0.288464112165646,0.3045676293097817,0.9946061515395412
37,0.03535014207005343,0.5967757506428895,17.446759276146192,0.717221061762127,0.8963651572363887,2.2331976671666163,0.001312689116307,0.0013449732223842,16.220325550857194,0.0048873696160262005,0.0059699876916811,0.7640844745756981,7.5351738626844,7.507693126573957e-05,3.7114670760650093,0.0036799161759631187,0.007660565965283827,7.1533419928912165,0.02468828682759916,0.06318475729607155,19.060034997899766,0.0195546419710834,0.5886211399129128,0.0,0.0182874622314785,0.1633476463059984,0.0,0.0,0.0,0.0,0.0,7.935029776597142e-11,0.0,0.0,8.296509555130985e-07,0.0,0.0,0.0,0.0,0.0031561947688245,0.0,0.0,0.0,1.5462508958353916e-07,0.0,0.1487681475171346,0.0,0.0,0.3335596054485258,9.55299495255801e-06,8.297303058108644e-07,0.0,0.2555470774352346,0.1258880769621509,0.017452352668942,0.9284887434115023,0.08222073317083538,-2.9833404523143807,0.150030870128813,0.4510998218230844,0.002062797915899,0.1555160880218045,9.833853525109625
38,0.12459383526428583,0.27801375035663883,1.7962564428957162,0.2817251984899861,0.311870107101408,6.27260735230614,0.0033018517661268,0.010704817394694,228.0786185963904,0.018859316297567045,0.16015985163644958,6.082341341471371,10.589470599412728,0.00010782478138493784,6.55215654305563,0.004089708112565565,0.007359195405583999,12.968829481111136,0.05248108519722711,0.11038919480905303,12.165569268380947,0.043728522370891795,0.1748200837646192,0.0,0.0065768755793282,0.1226447413270408,0.0,0.0,0.0,0.0,0.0,1.4351000347578855e-09,0.0,0.0,1.7964124087452446e-06,0.0,0.0,0.0,0.0,0.0187921327836722,0.0,0.0,0.0,3.606549856199218e-07,0.0,0.22360856888014108,0.0,0.0,0.3716226792251681,3.1891895291575105e-05,1.7978475087800025e-06,0.0,1.0832310132021925,0.5373405807896489,0.0054672184948418,0.11178203172387971,0.1421499369456329,6.621252348540354,0.2183134464199641,0.22704481552378394,0.0255649483754983,0.0436470730988473,4.352552814361219
39,0.011696568291250299,0.0560533555643313,30.205586317015968,0.0635739687017852,1.1136889802018581,12.289183041972258,0.0128386953073293,0.0303864976571212,17.041543956205622,0.02179198273625363,0.030981605524781533,0.20352036671433552,0.6393242971496385,7.498591830104912e-05,6.860291611257686,0.006400536414175102,0.012736881459482895,2.315491763674273,0.013026312073896488,0.14559972751917508,1.0934525520767706,0.0192272855206288,4.40455944636804,0.0,0.0732782394356634,0.17836867045871319,0.0,0.0,0.0,0.0,0.0,2.8725099719207313e-09,0.0,0.0,1.3966554645500257e-05,0.0,0.0,0.0,0.0,0.0578919293036551,0.0,0.0,0.0,1.046598149647217e-07,0.0,0.0480938327717979,0.0,0.0,0.3576327766296447,0.0004482812255575,1.3969427155472177e-05,0.0,1.9570503132204995,0.42365757178824287,0.0098622833137031,0.21582291217026361,0.0385063577269679,6.080509886741677,0.0764825638484488,0.21199154772706505,0.738849511502324,0.0689319182703231,5.252172054324972
40,0.2531043898238674,0.37926759832057977,4.465728451042333,0.5142469612590033,0.5691052661711371,1.5799055801037538,0.0010158804801797,0.005448875484744,3.0887279904777287,0.0015309075257957834,0.007763436536662293,0.122270801818796,0.8334193320197527,0.0001743282340579626,6.204969264104227,0.00600509379884348,0.017925236359596263,2.6437611660441576,0.008173827777532526,0.10642690563954953,9.897794345709887,0.11558999782322171,0.042005586097637,0.0,0.3221358476486278,0.429325973634874,0.0,0.0,0.0,0.0,0.0,2.224717388854151e-09,0.0,0.0,7.86097400424061e-06,0.0,0.0,0.0,0.0,0.056638621252234095,0.0,0.0,0.0,3.250118636470932e-07,0.0,0.41219511987160196,0.0,0.0,1.2202958874192018,0.0001327769607955,7.863198721629464e-06,0.0,0.2491092122426019,0.24350389788430893,0.0322018594849428,0.3665718196126167,0.03399892388253679,2.092739791100879,0.0887609451099022,0.2173016823239387,0.4033956012827219,0.0799555093222868,5.227330841591253
41,0.1540553372605839,0.2486848051593124,62.24750837857937,0.7471993527016884,0.9244241455814294,17.81221847666362,0.012896051446690801,0.0377384518408957,15.402714784566093,0.0240385259068878,0.0627831140878296,1.0206605896178105,6.3382074838800655,0.00021056893649085172,11.26910143561714,0.008446850218715097,0.04123484712897082,107.25059281490022,0.021769018833821156,0.5959001612063776,10.226530151269303,0.0353665200873689,4.725584141999239,0.0,0.2793653439656897,0.0997994207354891,0.0,0.0,0.0,0.0,0.0,7.518756147066645e-10,0.0,0.0,3.772668832138304e-06,0.0,0.0,0.0,0.0,0.034893000206341895,0.0,0.0,0.0,2.462900458059272e-07,0.0,0.1892274531890706,0.0,0.0,0.6032854643866373,7.204532977830589e-05,3.773420707753011e-06,0.0,0.9535451501451784,0.5109697082110067,0.003999759695926,0.35751174742992,0.1529664020652438,1.89355256636038,0.036079049995026,0.41163350518274305,0.479817186334579,0.2575406559529709,2.214181341222189
42,0.03837791016867482,0.19013561574789983,43.751345377094516,0.1316760151830924,2.2630038275535673,9.553445439447021,0.0093807700522492,0.023299432442328398,7.647075035224492,0.004161178867574898,0.015365024750629465,0.3275329519172147,2.638817894658416,2.083706270913365e-06,6.892628017487483,0.015251047509693473,0.019215873798284697,50.246797502899845,0.004263645918891888,0.09094126361804196,6.8353585516568485,0.035957472850990296,7.383170030074453,0.0,0.5770415031806723,0.1722113739496351,0.0,0.0,0.0,0.0,0.0,2.637873012184221e-09,0.0,0.0,6.399535368008312e-06,0.0,0.0,0.0,0.0,0.039226182216583694,0.0,0.0,0.0,3.059873496514596e-07,0.0,0.30012838565168143,0.0,0.0,1.0886077509859224,0.0001942664599735,6.402173241020496e-06,0.0,0.2775109535505943,0.16098365557849156,0.025475434331479103,0.4818427667507065,0.18572092624857073,2.7301464707985934,0.1256551307879707,0.3330352301072944,0.1424303759399105,0.0769082158763775,3.979044159856538
43,0.0117909620156669,0.12896688133260414,1.4867080776887112,0.3938649214165131,5.036566695237614,9.030795953635131,0.013069089671189799,0.0414196254128572,17.667193600617264,0.031083284836665226,0.06443471358572009,0.2209935881004507,1.823937492004688,0.00018641728676344746,1.3367021341415415,0.003032627190359582,0.006351026203110978,25.524033815163044,0.059540965298733976,0.2756511340468869,3.670818568837659,0.0052136900356234,0.0549335471616208,0.0,0.1470539437336778,0.0439755905612638,0.0,0.0,0.0,0.0,0.0,3.460870615448501e-10,0.0,0.0,7.737169334178128e-06,0.0,0.0,0.0,0.0,0.0096992705887997,0.0,0.0,0.0,7.484717747337673e-08,0.0,0.14507216673705411,0.0,0.0,0.345801046467973,0.0001638037664254,7.737515421239672e-06,0.0,0.5648863123515687,0.6488525392783239,0.007426673448722183,0.1036763705864805,0.18123742018759814,6.00880132320017,0.2221566957290336,0.126278707949263,0.0594691438790533,0.0903840387162427,5.335529595552185
44,0.014467241132860669,0.6622603565380134,0.14407152658566852,0.7600791834166415,0.6829315122601569,2.9571314929378008,0.0058212196847311,0.0224984952813354,26.466980713477547,0.035231111136733634,0.01700375112961341,2.883161523444276,12.78896941438919,0.0004195010544267,2.9438557784745325,0.0034902078540149433,0.013652335850741291,10.211871559999503,0.002586642909948181,0.16740924063791604,6.321878603221692,0.0254100209059059,0.2262789684501906,0.0,0.1072049630294216,0.0229482491962378,0.0,0.0,0.0,0.0,0.0,2.796958637093626e-09,0.0,0.0,1.4583894890006555e-05,0.0,0.0,0.0,0.0,0.0506772164754953,0.0,0.0,0.0,7.600147507899574e-08,0.0,0.1034839203922701,0.0,0.0,0.2843144250949,0.0001016939813418,1.458669184864365e-05,0.0,0.0706053625252889,0.10598917688406664,0.009181367425638503,1.1257780143623803,0.7648874897643784,3.3761812688330277,0.0757624810224409,0.2358086903077646,0.7283210573041047,0.3476166497388612,2.5618764911023613
45,0.17199020822320676,1.0197354692676441,0.1506417416848053,0.6079571296703349,0.8964709222778948,10.89824955762677,0.0096869380751203,0.0184037402546554,40.73908864963222,0.062110790211132985,0.0693032227426608,0.2690776325909903,1.9471522658634788,0.0001696048083121223,6.132738789256068,0.006863406568585525,0.008463559733675094,54.613370586135474,0.01160851220323375,0.4226637655131449,0.6832137203240621,0.0160981630040445,1.951544982618889,0.0,0.0638739775136492,0.4502001647496721,0.0,0.0,0.0,0.0,0.0,9.348053757657999e-10,0.0,0.0,1.0208337905039024e-05,0.0,0.0,0.0,0.0,0.0071130744977749,0.0,0.0,0.0,3.584995395276743e-07,0.0,0.22872190375995852,0.0,0.0,0.7499094790205946,1.5879755856896924e-05,1.0209272710414789e-05,0.0,0.1652260083994305,0.1540562080160171,0.004554321170068674,1.8482739666944739,1.3540259884105736,2.398871263735195,0.2091438529761418,0.40831642402322577,0.213768908426302,0.0890589289064172,1.4216291499922264
46,0.01581413263296866,0.0987350607551227,54.531670856469404,0.5650385803446455,4.192222175579336,13.619027247667983,0.016778526760433298,0.0252547506538801,7.299361746315483,0.007640812717287803,0.023060845763528064,0.2599167650022295,1.3377326853572782,6.155555529062986e-05,2.0331409440423456,0.008365492684951558,0.008663452395347238,45.027149626455476,0.04406451233758192,0.7804781302015702,3.890885504323243,0.0086564343066054,0.0905410060995825,0.0,0.5208483435403296,0.1174592593302979,0.0,0.0,0.0,0.0,0.0,1.0984450435767929e-11,0.0,0.0,5.029867055577069e-09,0.0,0.0,0.0,0.0,0.003272955966815252,0.0,0.0,0.0,5.821108690825991e-07,0.0,0.1428999057415087,0.0,0.0,0.7844810466898205,9.030945880241892e-07,5.040851506012837e-09,0.0,-0.2464742770704213,0.19354295824917628,0.0198003164634528,0.3289824078284303,0.020662476868260102,2.914566341211842,0.0515895214683713,0.272433151858594,0.0531789854863127,0.8450935562271924,6.339468108090587
47,0.18557066684260265,0.47112058276949004,46.62685357953203,0.4880073596857,1.1659532656909468,20.278632198149047,0.0245749447262322,0.0864912774917954,7.299361746315483,0.007640812717287803,0.023060845763528064,0.2599167650022295,1.3377326853572782,6.155555529062986e-05,1.5472570854752707,0.005795924163687577,0.012278116024260306,1.8957045085953896,0.008474887205503948,0.027882961222952293,15.147972372813676,0.0208098942696307,9.250123701364322,0.0,0.0447329914622013,0.0419351421237565,0.0,0.0,0.0,0.0,0.0,1.3085029597498047e-09,0.0,0.0,5.518533327188593e-06,0.0,0.0,0.0,0.0,0.021958391767321,0.0,0.0,0.0,2.121327175429186e-08,0.0,0.1316758770168042,0.0,0.0,0.2403024235833548,0.0001009242886351,5.519841830148343e-06,0.0,0.3069605607375774,0.5491086082265642,0.03084078129294765,0.5882951182499305,0.1368587366379834,0.10734396765608556,0.23709084035623598,0.2498862536624595,0.3339821773796417,0.1287585628162461,8.3771829375613
48,0.107122124382454,0.47320055804610783,33.05662327163412,1.0352237956962655,1.9998897941300078,7.398694507985696,0.010007192666899,0.0160156592899538,16.089158615965598,0.0079189786730082,0.02693432764767911,0.3698044445424807,0.5103965406009111,8.301369313811838e-05,1.8966822771340963,0.002560294851614958,0.00375808024301755,2.437936220604642,0.0011910969520517645,0.022958356387987145,4.305136933847241,0.004613249202339799,0.0278464802514483,0.0,0.0031088304046171,0.08749899926106111,0.0,0.0,0.0,0.0,0.0,1.4083885490700026e-10,0.0,0.0,4.948038865796319e-06,0.0,0.0,0.0,0.0,0.017870548241769,0.0,0.0,0.0,2.4360013297689145e-07,0.0,0.0770269003806952,0.0,0.0,0.18550552188827557,2.501622809832049e-05,4.948179704651226e-06,0.0,0.6091319300560394,0.4382012779953051,0.008584789381800299,0.2860621005412272,0.38192949106893276,5.5527633033713855,0.09427412865469939,0.41904998879587824,0.690411033774528,0.14549859828001,8.583765770220921
49,0.1714711080241299,0.5464141592633742,73.94494613388683,0.3272281623340501,4.524907691954742,12.401099242731702,0.006498788214097899,0.0244955658716653,5.928184039011018,0.01703414301842056,0.0359530638299373,2.680453345896402,19.41597330324012,0.0002966042661229387,8.877681365462056,0.00481223564235132,0.010938607423756831,17.545413592256743,0.021532413896457485,0.6441389183114667,2.0390966882616515,0.0404005858081869,6.7197029471255885,0.0,0.4276919638092261,0.29707878385850217,0.0,0.0,0.0,0.0,0.0,8.218988691838148e-11,0.0,0.0,1.034547469082578e-05,0.0,0.0,0.0,0.0,0.0314847402015717,0.0,0.0,0.0,4.100717856900961e-07,0.0,0.2932588092873632,0.0,0.0,1.049514707228449,0.0001470529829564,1.03455568807127e-05,0.0,0.4634907128614544,0.5178070205811438,0.0166534124615986,2.2390651202935747,0.22300651919411207,-1.3330335257604666,0.1095984344749408,0.3372940288947479,0.3165448573837639,0.0896724493584966,8.464720848855054
50,0.03366152488072161,0.36160132864222144,52.40123071439308,0.1053673311846212,1.1530747543471689,10.570058813555464,0.0138678922110661,0.0576404525094803,76.42971764485875,0.062373576986240076,0.17398669327949748,0.2344257688535116,1.4451598573900835,0.0004778953348364834,3.5973572258763937,0.006479863578208357,0.014796507563990164,9.853802429344071,0.010589014844236364,0.05346195827076776,7.562738512052743,0.0679447733359155,2.015180809698054,0.0,0.0788454616038393,0.042805112944982196,0.0,0.0,0.0,0.0,0.0,2.3687719131287022e-09,0.0,0.0,1.2262706598244788e-05,0.0,0.0,0.0,0.0,0.0107774213164185,0.0,0.0,0.0,2.9659881933036747e-07,0.0,0.16955270668533928,0.0,0.0,0.3019809991493988,0.0001478593737241,1.2265075370157916e-05,0.0,0.9452762723463332,0.47382793547798024,0.018230118793970365,1.723627539258316,0.07772396073040216,0.8888195944689394,0.1936188681860419,0.09623145341421531,0.1920227976681514,0.32411227266469045,11.922882596768074
51,0.07260710596236046,0.3045254660876534,7.957365653379686,0.8508926781693296,2.8423195166528754,5.039454734249215,0.0103807259766743,0.0190044258266756,7.299361746315483,0.007640812717287803,0.023060845763528064,0.2599167650022295,1.3377326853572782,6.155555529062986e-05,10.930689274421995,0.039757346294821735,0.050237872304187164,2.3167352670621804,0.0019725693262006294,0.22712206745504832,4.771529145078627,0.015270303092283813,1.2641538223685513,0.0,0.4679741961006238,0.1882808773199941,0.0,0.0,0.0,0.0,0.0,5.738790080609762e-10,0.0,0.0,1.0685875113695127e-05,0.0,0.0,0.0,0.0,0.0561047034651735,0.0,0.0,0.0,5.860423446715893e-07,0.0,0.20721899772437338,0.0,0.0,0.9195793606525098,0.0001963335750088,1.068644899270319e-05,0.0,1.8331453716122013,0.6008378094408187,0.0081002193802708,0.9664855298239882,0.7078917031258368,2.044692832475882,0.1228242907642402,0.354043756008099,0.5817572826771772,0.0342073560120017,3.8348818312999504
52,0.11384050592092554,0.21172981291745804,18.564743712309102,0.6506576051496782,0.9246304134733291,5.662604854723722,0.0064201275104837,0.0086739556150641,579.9717139665269,0.5777681886215712,4.166905909816689,24.62128365683352,10.126794308037095,0.00022544620133879259,5.00069291922371,0.004035261171679991,0.008283476419797037,31.660262307380524,0.040430215881740075,0.3995116050062194,4.229856571044641,0.0242726502166179,3.0205969431263493,0.0,0.50592441161587,0.1871829213488223,0.0,0.0,0.0,0.0,0.0,7.71370304000649e-10,0.0,0.0,4.24853295622973e-06,0.0,0.0,0.0,0.0,0.0454360521101431,0.0,0.0,0.0,4.760316377040071e-07,0.0,0.18180902587674258,0.0,0.0,0.9203528869832158,2.879340629906817e-05,4.249304326533731e-06,0.0,1.08235512913207,0.5120823418810025,0.0181938323267119,0.14332117604604352,0.3335483648484369,-0.21739894596771092,0.1872520963586603,0.2573122458747988,0.7930102972120637,0.0785686661341074,11.921948566790721
53,0.004092042634350684,0.07255855031652343,34.09762149399025,1.0652895870353982,1.7888820993694157,8.358090103542466,0.0096130005245662,0.0472481987723851,94.34530784686085,0.012566988915195998,5.097497556979814,58.25305170062312,599.831529028356,0.00014212718392317566,6.517470453594875,0.012443991814379635,0.0247163034791699,5.029727549843489,0.0005801242392462773,0.02626555663299545,7.981139817598643,0.0236452731208528,6.390996521789443,0.0,0.0074217637537139,0.08082008962486541,0.0,0.0,0.0,0.0,0.0,3.6424560650656575e-09,0.0,0.0,1.0119772055797592e-05,0.0,0.0,0.0,0.0,0.0120031171779915,0.0,0.0,0.0,6.720571152344321e-08,0.0,0.0569496095128632,0.0,0.0,0.15719464727514562,3.162046657968746e-07,1.0123414511862656e-05,0.0,0.4812054639352241,0.3425243526533105,0.015294485335702102,0.233500683219421,0.5079976282900954,3.9189942531112107,0.0848598673778493,0.12426498856362918,0.5529549370797168,0.0300217276182418,9.917286990470448
54,0.092877809594827,1.029813301429626,1.429671220700266,0.2360335389317776,1.4655334896885135,12.87852732031279,0.0064190645438126,0.035593626408648896,14.793937344864714,0.0034523109053458743,0.06179057709476488,0.0973515407019888,0.9797501134287135,3.0046934055594657e-05,2.9291173610461674,0.009660378937118819,0.010918053029328618,1.5632726475036374,0.003262067586018446,0.020268748555804912,5.845889031097443,0.007948667460531305,2.3594822842901393,0.0,0.0438855391450598,0.022450354057566003,0.0,0.0,0.0,0.0,0.0,5.551987532078032e-10,0.0,0.0,1.9617256592982905e-06,0.0,0.0,0.0,0.0,0.0174345412957728,0.0,0.0,0.0,4.078865951998846e-08,0.0,0.0324774328814433,0.0,0.0,0.11624790816850161,7.817928112162524e-05,1.9622808580514984e-06,0.0,3.055528662228502,0.365554387801717,0.0291128961412733,0.036441881798256505,0.16200753837601456,3.251592409234057,0.0670193700368137,0.1463542659303104,0.267708940388708,0.0622135593853435,2.810785430842993
55,0.06917652977863911,0.4722442046898805,20.746031316667473,0.8578544510125262,1.0265235210836527,2.6854573557204895,0.0019460972610929,0.0178669479675568,21.20969443865618,0.006467439156363546,0.1550346233728039,1.0910578757118659,2.378036576733362,0.0002930128814127123,2.4477752886665622,0.0018109952644401511,0.006756531728724826,1.6800077162210392,0.00487062673231825,0.01731777650652481,3.3170768065143568,0.057323588322090904,2.645086631768578,0.0,0.5500534373932094,0.3108403546024235,0.0,0.0,0.0,0.0,0.0,1.4086088792922568e-09,0.0,0.0,4.781888003892737e-06,0.0,0.0,0.0,0.0,0.0278644269488207,0.0,0.0,0.0,3.865612944386747e-07,0.0,0.015112451732429,0.0,0.0,0.9038710572381773,7.372187379037863e-05,4.7832966127720295e-06,0.0,0.8083659329839548,0.19512299753988785,0.018009118255638387,0.0903606128057931,0.08561751173542485,0.36081642967909566,0.1180112465786896,0.19564061164220328,0.5887386904602838,0.0778593411264922,6.697285925357354
56,0.17985493354091914,2.0106453208081327,73.70048341595748,0.33005671450627666,2.354364677786396,8.988419299554927,0.0125064673843136,0.054365895633454,29.565438968607303,0.062333118009804844,0.04500203761831395,0.1171835999500185,1.4904893570582431,0.00020829218545052132,3.491204334600685,0.0018422991348980267,0.006768883026372914,58.317665535044846,0.00856115745719394,0.24189459405704544,4.548839648313376,0.0021506989171576362,2.1400613579145102,0.0,0.4083187019117569,0.0505727308313371,0.0,0.0,0.0,0.0,0.0,7.293428971421181e-09,0.0,0.0,3.881064210631112e-05,0.0,0.0,0.0,0.0,0.0644175765749159,0.0,0.0,0.0,1.2593488053606464e-07,0.0,0.1381917679481309,0.0,0.0,0.6615009032010215,0.0001935279513841,3.881793553528254e-05,0.0,1.346965282077942,0.5703011988497524,0.0175831678455667,0.5589689168088712,0.3264089489463149,1.1384485361556609,0.0922432543335135,0.3847423080337289,0.5459662995073479,0.062235523668015796,3.136515575622354
57,0.03545602998713271,0.886769741563252,26.761976117757307,0.4883832620233561,0.7379719379893324,1.9182631859759285,0.018020835309342946,0.027900256599327603,7.299361746315483,0.007640812717287803,0.023060845763528064,0.2599167650022295,1.3377326853572782,6.155555529062986e-05,6.866464068219049,0.005099735025265469,0.01546599805363647,9.098967316510842,0.005960123784099523,0.17992152860559393,5.324866047686418,0.0216266293243429,5.151657958253003,0.0,0.1100850870958524,0.3179659379310405,0.0,0.0,0.0,0.0,0.0,6.401270312044041e-10,0.0,0.0,6.463818940763968e-06,0.0,0.0,0.0,0.0,0.0596546774613355,0.0,0.0,0.0,3.7255919560055926e-07,0.0,0.35617579159135987,0.0,0.0,0.8438818666387841,2.418965255708116e-05,6.464459067795173e-06,0.0,0.284976488876991,0.1677767000303217,0.024589886953227003,0.45495161164928755,0.1232722722583055,-30.529956281335593,0.0467618911521108,0.1268424020447431,0.7801276841682557,0.098836516392618,8.461900481808613
58,0.04712693557944464,0.09957077487982993,79.63270554202255,0.3038428682166656,-0.24726974935070442,7.53176968937424,0.0035598625345609,0.015565744026921,9.676539421073382,0.002546340636670863,0.008190207110286524,19.753819135819572,9.187660376785374,0.0027379919713694,4.072582749249679,0.002288748474485857,0.010492120780694222,1.2055892331618885,0.0020578982395560346,0.014757456407931555,6.707245734124747,0.0125831022950397,1.7617469040149785,0.0,0.0543173808195331,0.5590632929086279,0.0,0.0,0.0,0.0,0.0,2.5775900184337315e-11,0.0,0.0,3.5820654784460634e-08,0.0,0.0,0.0,0.0,0.053308607438231896,0.0,0.0,0.0,3.5946420350618045e-07,0.0,0.2177024443681921,0.0,0.0,0.8843920849987889,3.3686537271714712e-06,3.5846430684644966e-08,0.0,2.4382174535040675,0.9258153165283843,0.0162256068215436,0.424903159284434,0.005743690382999681,5.924960315656833,0.22724959271681341,0.1709242372084803,0.427041829123104,0.0324891961505573,12.984929978515005
59,0.06523703753754091,0.7634496710535414,11.4237708473026,1.3916784259399486,0.7369681614385235,0.9995271909944689,0.0005341365454876406,0.0037327769314553,64.6393347962979,0.011631020793948068,0.189089991292222,0.8179361658215374,7.847293194055205,0.0003290847761901331,10.69402086782797,0.00645335447209004,0.016615480229209403,2.722933556933572,0.0008331868501890243,0.01710741178872919,2.562538789895571,0.034580437034591203,5.43713159470336,0.0,0.1225763360734233,0.3278241938198382,0.0,0.0,0.0,0.0,0.0,2.6814240371986255e-10,0.0,0.0,2.1399141668798376e-05,0.0,0.0,0.0,0.0,0.0782762318192681,0.0,0.0,0.0,5.394366705335966e-07,0.0,0.4488306288213459,0.0,0.0,0.9775079299705463,4.541330086397032e-05,2.1399409811202097e-05,0.0,0.7330743217688538,0.3224635136794483,0.0149612849761636,0.3081422987334591,0.03302764724239941,5.851860066621768,0.1664260677264215,0.1434329869977285,0.8215249621844528,0.07516774114408789,9.232214812493376
60,0.05002107834677979,0.20330565826339747,34.975485205976526,0.8993187657324604,1.656832868851231,13.846077811067673,0.015019508514837701,0.006314357868968601,12.4199973682651,0.01579348231670827,0.047083957329692325,29.506856102912476,18.14154880759493,0.00021947794242859226,2.5829494685952388,0.004958523026949907,0.005790785675835843,10.364824578864551,0.007461279246562796,0.04619894819036103,5.4652860595315635,0.0325456160194666,8.747759563096176,0.0,0.6455799355509649,0.4175714246885304,0.0,0.0,0.0,0.0,0.0,1.8179775402570387e-09,0.0,0.0,1.3903631471247691e-06,0.0,0.0,0.0,0.0,0.0453758983803155,0.0,0.0,0.0,4.031786480402117e-07,0.0,0.0773423861702797,0.0,0.0,1.185870047968739,7.722107148135211e-06,1.3921811246650262e-06,0.0,0.5466009134099642,0.4159302779189227,0.0428167379742201,0.225390803132396,0.10656338146836943,-0.7627009213472643,0.2227031661585465,0.09523382496517205,0.5403107363462327,0.08333487800430711,13.569083331404082
61,0.017858227091747832,1.2456661814496004,22.40558371725555,0.2251464520773604,2.337207219967042,12.475693019817651,0.00864917381389,0.0195830549015275,7.38582107605003,0.004526595696609448,0.022798010227706098,0.09467100301367058,0.5656918545218174,1.4712328139152817e-06,3.285998731461539,0.01292975153969592,0.00986596673232565,0.8258949987576834,0.0003811908163460538,0.0031029782607116304,0.4621210569330392,0.0789209982302238,1.7089903643116326,0.0,0.1300285577766085,0.2385578914938834,0.0,0.0,0.0,0.0,0.0,1.248493016260854e-09,0.0,0.0,8.950783449488253e-06,0.0,0.0,0.0,0.0,0.0376910768200725,0.0,0.0,0.0,2.7710012396226604e-07,0.0,0.1291212552952321,0.0,0.0,0.5353990584859206,2.7642063086874407e-06,8.952031942504514e-06,0.0,0.7489235552345311,0.22647534429215901,0.0124255276727382,1.2058563758927796,0.12315195241767558,3.4935385780165977,0.0706978214414781,0.33701789980634794,0.6731848483929398,0.1568217551448581,7.2869144171369085
62,0.0657526230308728,0.7490173101678856,12.164418565856124,0.1396020059215718,2.137211836913021,1.2701419375391048,0.0017060475742589,0.0064842645378138004,156.43381094205392,0.005218720168443307,0.24322455906180965,0.6987983939702502,4.789762393792581,0.0015391916608609446,9.387153612351208,0.012164296443971543,0.021780190240383718,84.96051191446728,0.11497964133341636,1.410158665904657,6.986839814296516,0.0214542569949301,2.038083759805435,0.0,0.19230078274472,0.08831410511138091,0.0,0.0,0.0,0.0,0.0,2.769797339005857e-10,0.0,0.0,2.11183938674607e-06,0.0,0.0,0.0,0.0,0.0014778037606714,0.0,0.0,0.0,5.871719287954868e-08,0.0,0.0751063693400423,0.0,0.0,0.3571991196740077,2.7945015337370657e-05,2.1121163664799707e-06,0.0,0.0667062851230464,0.2955504596071563,0.0187508812028576,0.5312516305643927,0.28366851698945633,1.4417236364463437,0.1956639374010995,0.40120814614689176,0.1771140653302549,0.45953412685675465,9.861409606414655
63,0.03191504875756289,0.08912302991883217,13.758872612521314,0.37787020754418776,3.8345020385625217,5.326800741724207,0.0029135643132758003,0.0061192947513016,7.299361746315483,0.007640812717287803,0.023060845763528064,0.2599167650022295,1.3377326853572782,6.155555529062986e-05,5.550345948223574,0.0063658864998993,0.017364197719057648,5.303632044324204,0.021096954544690242,0.206795941338015,5.05917115071231,0.006424957052952532,0.0438071083200466,0.0,0.3282314852388571,0.3553884440566717,0.0,0.0,0.0,0.0,0.0,1.133864838649571e-09,0.0,0.0,1.5244845062826538e-05,0.0,0.0,0.0,0.0,0.056024032749723604,0.0,0.0,0.0,4.988967477504284e-07,0.0,0.3097979420918334,0.0,0.0,1.0494424030338336,0.0002057422937291,1.5245978927665187e-05,0.0,-0.2415590968657033,0.13867801428381507,0.012052545419480499,0.5754905370769645,0.8994124599863188,5.169124287067817,0.236388392748166,0.05804691553126493,0.600066995941161,0.14431600335329678,11.523109873033201
64,0.004192620531238382,0.17241041215574582,18.545409232003287,0.2398761284777863,1.718238164573028,11.235735046600999,0.030294690237592698,0.045739326382035594,15.757888084365609,0.02074663028429668,0.0751584355419051,0.11949633386674649,0.5290925961367072,9.001873378221502e-05,5.628739244995662,0.013051094402818604,0.02091310278111899,12.254945630887494,0.00540843912146433,0.08731118954738058,16.5852128168845,0.1236018324188546,1.0513573358367447,0.0,0.2878090512785421,0.1352756748406361,0.0,0.0,0.0,0.0,0.0,4.528364559096983e-09,0.0,0.0,9.377019281678722e-06,0.0,0.0,0.0,0.0,0.0409805929768258,0.0,0.0,0.0,1.7771284551848366e-07,0.0,0.16796643736857558,0.0,0.0,0.6320319341774253,0.0002250682191249,9.38154764623782e-06,0.0,0.3196041242973871,0.1657927843589634,0.02436983113932199,0.12107212320206759,0.24799206949221445,0.5004533177951498,0.0657435637693,0.20748587325846243,0.235462685264949,0.10800318211401531,4.623927850054563
65,0.07355590878806495,0.5949453632061352,9.238822290872154,0.8454808983721519,0.617470711738118,12.695829053873313,0.018435289542326597,0.0167032695094066,7.299361746315483,0.007640812717287803,0.023060845763528064,0.2599167650022295,1.3377326853572782,6.155555529062986e-05,5.6242972065763235,0.007887106195184975,0.016399443268370673,8.24929001604824,0.014702813789070832,0.10336807517168663,5.880089115577824,0.1138388257855511,7.740245163257547,0.0,0.030417765027396,0.30769560573417276,0.0,0.0,0.0,0.0,0.0,6.120917643219244e-10,0.0,0.0,4.72454414061298e-07,0.0,0.0,0.0,0.0,0.0047824051461195,0.0,0.0,0.0,3.4814603814279925e-07,0.0,0.07847043079106879,0.0,0.0,0.42136655484479546,1.7298016698600157e-05,4.730665058256199e-07,0.0,-0.2067129686616773,0.29684598407972346,0.0135054897277051,0.2264385272614689,1.0667284566565132,3.3832481716636407,0.2263865323215724,0.4505576249236481,0.4883629282470469,0.361295465605022,4.205591197457482
66,0.005791251801434071,0.05679970991988019,57.949146191323216,0.9714946290092805,2.091187536343155,2.4370556167653596,0.0022231845439866,0.0054177357448683995,7.299361746315483,0.007640812717287803,0.023060845763528064,0.2599167650022295,1.3377326853572782,6.155555529062986e-05,3.1430834391633184,0.003395797789072243,0.004676197780903483,0.3406792670450638,0.0002928116238313861,0.00592222856600007,17.19144100397132,0.07492860920553371,4.2670515791811034,0.0,0.2639011435228798,0.0885473208200489,0.0,0.0,0.0,0.0,0.0,5.5511921755382415e-09,0.0,0.0,5.421844998472708e-07,0.0,0.0,0.0,0.0,0.056650762681864995,0.0,0.0,0.0,1.897513816946297e-07,0.0,0.1097074539355769,0.0,0.0,0.5188068707117526,0.0001281113916983,5.477356920228091e-07,0.0,0.236949701331141,0.11054237216431935,0.010281539438412438,0.0385652287500886,0.004247566770897143,0.6604234507017166,0.0773284851611088,0.3924714776271589,0.0172418979061143,0.1966526631933589,7.785932321679752
67,0.037769814276211115,0.04038737126624696,21.39175804969532,0.4589878584908749,2.82651275804847,9.552903100475628,0.008212110812896101,0.0279033235139771,48.28599869476344,0.03789681305392545,0.054309638972787316,0.1193280580779609,0.9321596295267243,6.0062909411468394e-05,2.865124549760927,0.003010430843584692,0.006291622019025686,55.117333956367915,0.009964476130218444,0.08472885208134356,5.640348448538843,0.0124515136390029,1.621051523064567,0.0,0.0177072001262835,0.0423100213739069,0.0,0.0,0.0,0.0,0.0,4.81143585321465e-10,0.0,0.0,7.999387223707801e-06,0.0,0.0,0.0,0.0,0.010131176992556699,0.0,0.0,0.0,3.7439503247651214e-07,0.0,0.0717432197306039,0.0,0.0,0.1418919926183837,2.7602641478642324e-05,7.999868367293122e-06,0.0,0.3211572549467649,0.33389214361925956,0.014839337450086799,1.5945959313938705,0.03863185296880986,-1.674268201969201,0.2071823243301396,0.09378769937434418,0.0952805452659912,0.051932313019240506,5.06209680727957
68,0.02157064415222206,0.10777125126073023,26.00929881354345,0.5697832138545366,2.835971917976499,10.648238791170485,0.02042110605817,0.0434731880144466,8.394179073443423,0.007022967759073682,0.02369427223194606,5.0951800500638145,6.9977822752696675,3.781407146275302e-05,3.088877959364911,0.004287618879338028,0.009154202600912898,3.417196835169988,0.003094519973389751,0.08166714047825491,19.901133410652037,0.0706587975284914,2.664697141758698,0.0,0.1558316188157725,0.0525197144402271,0.0,0.0,0.0,0.0,0.0,6.883874664880348e-10,0.0,0.0,5.38046873018958e-06,0.0,0.0,0.0,0.0,0.0071503715866315,0.0,0.0,0.0,2.7246001171093067e-08,0.0,0.033077498639531605,0.0,0.0,0.2485792307281641,3.578996400483333e-05,5.381157117656068e-06,0.0,0.2405283538327785,0.35868229226637083,0.005630796807487601,0.04385134502107629,0.0923706969583019,1.9061474289393712,0.0240294340596861,0.04703061427874701,0.8329504738544239,0.1055653548887501,12.469282504602734
69,0.03220217651189024,0.1529426873115642,14.684657644786409,0.7573896276523394,1.3014481429923377,7.693598500830325,0.0071668323370869,0.0387885523892286,18.111511389733607,0.0149022516387504,0.09835220046292288,3.391192482967024,2.9138790606880858,0.00022353009233374107,2.2762307705703386,0.0071732537551082755,0.002561718641865806,1.2368484817030825,0.0020322245372225408,0.02731887904833941,8.429388241668155,0.023877671087540638,4.806913250465587,0.0,0.1473493110124012,0.3674653613940421,0.0,0.0,0.0,0.0,0.0,1.7137180663369763e-10,0.0,0.0,5.933426410136564e-07,0.0,0.0,0.0,0.0,0.0231648835788273,0.0,0.0,0.0,1.6724065089344975e-07,0.0,0.300104917839327,0.0,0.0,0.8380846410652487,7.4536679965993875e-06,5.935140128202901e-07,0.0,0.048754984736902,0.1753492661671407,0.007046197802964499,0.7052354335331021,0.9999227550963203,-0.5338870691028739,0.2015398171190889,0.34241913113204636,0.560716021520647,0.3032161677965237,9.647092105986687
70,0.09994637423327099,0.9093478864180343,31.94053111457789,1.0519337116386902,1.2748164765104515,14.024075811934443,0.008104366155994799,0.056441040052090094,8.777081010891123,0.00987064262033209,0.0194540820265064,0.09718883515175529,0.2390059874837911,2.9924991214779462e-05,7.123990620756584,0.019728061557349425,0.045288887473550074,278.2261293389538,0.20568725081745376,1.8100044507157245,15.671503833376386,0.0398254175455299,1.373083726648913,0.0,0.1562347997023567,0.1073319290449014,0.0,0.0,0.0,0.0,0.0,3.846514342905622e-09,0.0,0.0,1.738764472363895e-05,0.0,0.0,0.0,0.0,0.0445702421016303,0.0,0.0,0.0,7.498122894726803e-08,0.0,0.0829703665993333,0.0,0.0,0.3911074124294508,0.00024704348367,1.7391491237981855e-05,0.0,1.3990140477375497,0.23358193345388636,0.0127609232325549,1.8801104560216595,0.07821618522724798,5.643872022720634,0.14664597341035002,0.46065379466213285,0.1071856559297631,0.1088500907310702,5.259505355368118
71,0.25625664144595567,0.5033382577415751,31.32403188568934,0.1821944959042352,0.8140216486897697,2.868077788722942,0.0012897646756066,0.006172783157531499,47.48717965084925,0.014232239059560699,0.0986044342261428,5.019173727040817,12.1479713785655,0.0009314322855644,4.040858933341709,0.006291061111045624,0.007044765809428547,11.310278446024514,0.01579676040700246,0.08683354492823461,14.858696842361404,0.0863989474115725,0.6388114407023087,0.0,0.0284280182450594,0.1686048603486153,0.0,0.0,0.0,0.0,0.0,1.8289214567502983e-11,0.0,0.0,1.146480750934828e-07,0.0,0.0,0.0,0.0,0.0059656276694874995,0.0,0.0,0.0,9.362068724263824e-08,0.0,0.20556700543981352,0.0,0.0,0.4085656053236631,4.5563832660739524e-07,1.1466636430805029e-07,0.0,-0.0556048935198316,0.10253387674976731,0.009598978454294596,0.6747462630509473,0.01998447305811054,-0.9506196229837713,0.025314660387519297,0.4375770226937003,0.6272101286539525,0.1988146051038074,12.827455628467778
72,0.015428932273173159,0.02714687464433982,25.164948447814538,0.4634420614104872,1.3776502219342521,6.634186928274282,0.0036300100708232,0.009702989409937399,12.380081574531422,0.009838610439247785,0.016849680438533726,0.0899798876971665,0.5580522428302133,0.0003058284990043434,2.450370604108893,0.010454615580785628,0.014935026011535527,0.8275067650803822,0.0010650384503666588,0.025751166643326513,5.447535226276583,0.0389554483639908,2.3136732903323582,0.0,0.2004025287105778,0.256370628781476,0.0,0.0,0.0,0.0,0.0,7.644566662206297e-10,0.0,0.0,3.485601441385801e-06,0.0,0.0,0.0,0.0,0.0326906010860841,0.0,0.0,0.0,2.0375559718821663e-07,0.0,0.0530945238720118,0.0,0.0,0.5425584862057472,5.309796080629279e-05,3.4863658980520213e-06,0.0,0.2386699288986108,0.15445817828838285,0.0082461722708743,0.0761044283824943,0.3950838474693423,1.4937503809904313,0.0175736872555536,0.4406017768807453,0.7164338558876417,0.0310283566671467,6.473505495432682
73,0.20629298542991034,0.5105749287929893,58.439333641666515,0.4079815980508512,1.2509588046909728,7.543779479897853,0.0072318966115654006,0.0214598528865012,7.299361746315483,0.007640812717287803,0.023060845763528064,0.2599167650022295,1.3377326853572782,6.155555529062986e-05,4.585582888304493,0.007142012682286312,0.009501851217816406,36.972738753581396,0.023977081550723256,0.1995410543850412,8.330009276156193,0.008655566211730501,0.0472377622132951,0.0,0.5517005499200351,0.39818357825376227,0.0,0.0,0.0,0.0,0.0,2.1662646257746366e-09,0.0,0.0,6.577941836018027e-06,0.0,0.0,0.0,0.0,0.0576332862225473,0.0,0.0,0.0,5.131180552823672e-07,0.0,0.44227630661542827,0.0,0.0,1.4497942341298284,0.0001122925240973,6.580108100643802e-06,0.0,2.383047736997048,0.40520119674279176,0.004870488405938099,0.16801414230634978,0.169442885206278,0.006858506532910091,0.0821304574986623,0.3869817670367411,0.4520683139004585,0.1407234187171579,8.64525068905329
74,0.0885126324797566,0.19660229151445632,18.41466512090665,0.9675145087302628,0.24733642472283812,1.5992667275514356,0.0012691654882687,0.0051874316980205,4.475850549453421,0.0013933070367721356,0.010335160479180499,0.2125899145281325,0.9940305604196715,9.037007021678213e-05,2.5804744641175863,0.004262584788734245,0.017011444639953695,1.5491309726961124,0.0037066060930804412,0.022391423578904956,12.637454571781646,0.0688741212791741,0.8551066727572616,0.0,0.6335728391638302,0.4142241691929318,0.0,0.0,0.0,0.0,0.0,2.6962058456930915e-10,0.0,0.0,4.4058754501403226e-07,0.0,0.0,0.0,0.0,0.0265496762768452,0.0,0.0,0.0,5.172055956833762e-07,0.0,0.1277374660946073,0.0,0.0,1.2020846679338104,2.464738130978625e-05,4.408571655986017e-07,0.0,0.2976464514691868,0.43636552527206457,0.015496958177523001,0.2650308129084888,0.0873891892583677,4.5543973303276415,0.1115058166560565,0.17893662641512723,0.0794488464709747,0.1142029582305962,3.698730505010667
75,0.1491463333196429,0.17628617300953428,54.259424107724115,0.8054972427755338,0.288834430149495,0.6227423713106752,0.0011537566802053,0.0019257688812492,9.754188242227954,0.0008878611648745244,0.04766488550714255,0.4530599783968163,3.604520523826785,7.174615926929247e-05,4.049167227122989,0.006015874374862479,0.017393299154638598,6.19602954632485,0.028943868498855406,0.08213994129141805,6.564252641826493,0.0465916130695961,2.142131248423223,0.0,0.0574506985674463,0.0817436247917313,0.0,0.0,0.0,0.0,0.0,1.1599325762316876e-10,0.0,0.0,1.940823036036117e-07,0.0,0.0,0.0,0.0,0.026545791326419703,0.0,0.0,0.0,4.231350346890231e-07,0.0,0.39059806089918186,0.0,0.0,0.5563385987198141,3.642857768679072e-06,1.941982968612349e-07,0.0,0.2115444852265168,0.2326041452324252,0.0136458981282727,1.2239709551179005,0.23101015974072542,-0.35851737711461507,0.052737452555241,0.3582308746773033,0.1871626556060951,0.0877499736894725,7.559646555413932
76,0.00933946662306077,0.23555265230431957,49.00605253432074,0.0457290894216802,0.5729869074941069,7.033812278113846,0.0076493624496583,0.012620027319071001,7.299361746315483,0.007640812717287803,0.023060845763528064,0.2599167650022295,1.3377326853572782,6.155555529062986e-05,3.4706472535359367,0.0031085321336170937,0.00966433427682633,1.081204212697833,0.011530311843180307,0.02877527107957812,3.186614998833506,0.0868273515032415,3.9597517488962537,0.0,0.6531954735478013,0.05635173187228,0.0,0.0,0.0,0.0,0.0,4.960662236018922e-10,0.0,0.0,4.370583487816869e-07,0.0,0.0,0.0,0.0,0.0527426672181939,0.0,0.0,0.0,5.622466227478314e-08,0.0,0.0739630419361326,0.0,0.0,0.8362529707990702,3.662990940245509e-05,4.375544150052889e-07,0.0,-0.1288039629984695,0.06202896379652057,0.0028691361568675615,0.23152153875706868,0.10570135431225097,5.103426884351492,0.0559502254826207,0.3089701443969098,0.788540265485541,0.09542515824666989,1.6835099926479835
77,0.04266557063489876,1.8529701608236033,50.83277018501929,0.0784437403841572,1.1576555580296923,12.175036255432858,0.012707622218765799,0.057664430307072204,9.181803430289813,0.006053171856450627,0.07304413696923853,0.3501226844795566,0.34905811078875953,9.999098754348161e-06,1.8495640070519117,0.0030993903367959362,0.009368122333215987,28.97339843036335,0.007325280602048053,0.062132743908702166,2.2171778542415583,0.006245107010653601,0.6971095380116982,0.0,0.0616956005726677,0.0549174051802872,0.0,0.0,0.0,0.0,0.0,7.925446880307187e-11,0.0,0.0,9.894473322892593e-08,0.0,0.0,0.0,0.0,0.01977191281404649,0.0,0.0,0.0,1.887925808991415e-07,0.0,0.0023233562465962,0.0,0.0,0.1387084636061787,2.39267681396398e-05,9.9023987697729e-08,0.0,0.0160714983380388,0.10240667396740488,0.005195851925586701,0.35445662152636204,0.05166474620139724,2.534570682566626,0.12263875883703369,0.06846677703498853,0.7574493120046595,0.294359103128926,4.25466294620852
78,0.03787931973665244,0.7698525757735356,12.31672380393278,0.9841627424609727,2.2196057211227123,0.27813833006845273,0.0004629025814515,0.0014512485014792,11.362094561385756,0.01572258936425835,0.047966367492507406,0.051274256094255705,0.33666368672938385,2.82627136064299e-05,8.09605046222365,0.015328147033487697,0.02016261188225894,87.65899830002253,0.039319393494008294,0.64604722600397,8.423712289509494,0.0312117772830713,2.673776435531338,0.0,0.2869831520772181,0.4643669568690397,0.0,0.0,0.0,0.0,0.0,2.290094354553557e-09,0.0,0.0,2.199482129411941e-06,0.0,0.0,0.0,0.0,0.006846036704770299,0.0,0.0,0.0,2.929039483744292e-07,0.0,0.20257742683017899,0.0,0.0,0.9607738653851554,6.011831229222312e-05,2.201772223766495e-06,0.0,-0.1585059408085853,0.13820064966844434,0.0087016232779275,0.7074623863735923,0.059949796340744016,1.2063608896231381,0.16716811486555788,0.25802762122478606,0.2502673610795828,0.048020499184114,11.021250916757504
79,0.07382285941022983,1.3981059899917505,57.25932101790599,0.5917849120935126,0.1895361042701988,5.939578543662712,0.0051810202080703,0.0241605300775973,7.299361746315483,0.007640812717287803,0.023060845763528064,0.2599167650022295,1.3377326853572782,6.155555529062986e-05,0.9827368160439377,0.002324740679229498,0.004725508424347119,1.9761929432045422,0.0007632346528545268,0.02602792620182906,2.7029757195302473,0.033662107194242605,0.1774481002967592,0.0,0.0755456998981752,0.2304773387604492,0.0,0.0,0.0,0.0,0.0,2.223584402786429e-11,0.0,0.0,4.864867930073071e-07,0.0,0.0,0.0,0.0,0.0133042435536984,0.0,0.0,0.0,2.1186919306130087e-07,0.0,0.1039157666935144,0.0,0.0,0.4232432607750305,5.004954258621117e-06,4.86509028851335e-07,0.0,-0.3361541633206191,0.05961047369642914,0.016389554731249437,2.6186080945284536,0.056338163319439576,1.9333790891959473,0.032494811686321,0.5122599748666774,0.5027347291649785,0.047010971749980604,4.941960864627219
80,0.05410108255074751,0.10239594120508455,0.0540190115340183,0.5724057433883739,1.5699398138222433,15.424143738695328,0.0370475196792588,0.0851653784212381,39.053894926971125,0.007320825390863893,0.06094418033838625,0.22686316387259012,6.969785521834959,9.81261624928465e-05,8.991666334198351,0.004141586147866856,0.00443245866768435,13.346171008742648,0.10418952855604799,0.5523896904025402,1.8637486847220237,0.027574436181614703,0.0787694201520566,0.0,0.0215489018209858,0.0789767566463087,0.0,0.0,0.0,0.0,0.0,2.6930357770590644e-11,0.0,0.0,1.7016956096806266e-08,0.0,0.0,0.0,0.0,0.00046869928074749995,0.0,0.0,0.0,8.568879017039166e-08,0.0,0.0642128776738795,0.0,0.0,0.1652073211107118,9.862285446254783e-07,1.7043886454576858e-08,0.0,0.4116011210967906,0.30931907046779494,0.005287688864263999,1.031442781197138,0.303589365386776,4.121308875414753,0.144513128734968,0.15741882703356597,0.1237194725252682,0.12006743174638429,1.2946523722609855
81,0.027410613440241025,0.6906242504473672,19.472132936357216,0.7187310223529707,1.7104946622119612,15.0456624969253,0.023816775472961002,0.06524458849014289,16.422670194935282,0.0197247192435031,0.0450304429659462,0.6161899156170864,1.0570060490844417,0.0002583379330129325,3.071741631085123,0.0014740686308939565,0.004724781975644768,8.983763966473436,0.016966563052452872,0.12326739908124988,7.906481635173614,0.0224271629294213,2.204932920030927,0.0,0.3617526096137013,0.046318746164596,0.0,0.0,0.0,0.0,0.0,7.873049594168993e-10,0.0,0.0,3.984671572409624e-06,0.0,0.0,0.0,0.0,0.0169513881418561,0.0,0.0,0.0,4.6205126821881524e-08,0.0,0.0896904390395328,0.0,0.0,0.5147132291648133,1.7606495790950867e-05,3.985458877369041e-06,0.0,0.0415787787975011,0.1437510572476409,0.01833338675844631,0.27293464011467145,0.020013050878806473,-0.07299579378661991,0.2234013096071624,0.08882921809018995,0.3833445472544843,0.0560643767658623,10.648574636542273
82,0.05769922863585013,0.5583097076807845,43.95073947790728,0.20047489075850408,1.078965361180819,13.759364585203135,0.0301403475186405,0.1118463437690643,4.894957207953606,0.006187748766798399,0.035920136819698655,7.517019184237296,18.450067714602813,0.0008284443619660154,5.863762253294776,0.004938480832043656,0.013792941484130093,3.5039053025611744,0.01704151132433922,0.2683207504168407,1.145005395819068,0.022735697995381502,0.0460749386995655,0.0,0.6124778124598969,0.2557638489972275,0.0,0.0,0.0,0.0,0.0,8.431777164775006e-09,0.0,0.0,4.3925170314400336e-05,0.0,0.0,0.0,0.0,0.07277407502354631,0.0,0.0,0.0,4.847769857434093e-07,0.0,0.1657844265838817,0.0,0.0,1.1068006478415382,0.000450161045203,4.393360209156511e-05,0.0,0.3754540710062495,0.25773699897599683,0.015247130134705598,0.19459937808658975,0.06477532962851462,3.0202599167180093,0.1527742958495617,0.15498221827069558,0.3716314243969306,0.23627507746282317,15.16489754189876
83,0.055950051310402135,0.2902998204488113,80.65588848178727,0.0839141929983986,0.7571506743406682,1.973170756026477,0.0031545314494412996,0.0038477937693909003,0.8374232455869379,0.005912296399618261,0.006691306646741125,0.0646526362982488,0.27321099282819883,4.66418416259459e-05,3.673712288497329,0.0033047130549992295,0.005493696403438968,3.1623847879551894,0.03371968783990136,0.05998085818385348,3.223099808810385,0.0048548259402318005,0.7172407103383139,0.0,0.2541304973401036,0.3135411367224214,0.0,0.0,0.0,0.0,0.0,1.651101491978913e-09,0.0,0.0,6.604854720637084e-06,0.0,0.0,0.0,0.0,0.0469142646457101,0.0,0.0,0.0,3.4596313556338517e-07,0.0,0.07594895968769981,0.0,0.0,0.6905352043590708,7.252165620719041e-05,6.606505822129063e-06,0.0,0.1787021445107487,0.22601778670505474,0.0119954178448814,1.7267398906655658,0.3163168410079217,6.162296049862357,0.17519188089505291,0.4633515753304619,0.6164536896611142,0.0338641245227148,7.415410307706011
84,0.25628237529125697,1.0728961176439222,54.35527191660819,0.6858268720549157,2.685200524853657,3.9874184326717668,0.0055323602445515995,0.0212056826107709,25.27633594713506,0.05982895183392939,0.04150672412216377,0.4683641789807964,3.919029841493928,0.00015986853141803877,5.623811413318514,0.013650884935553198,0.006534909815345236,13.940729477502058,0.0070354463053636,0.07965615160804046,9.382677099732494,0.0292948614726519,0.3221909595951278,0.0,0.4311708617487025,0.114909647607076,0.0,0.0,0.0,0.0,0.0,3.2633306705583484e-10,0.0,0.0,1.145581472704109e-05,0.0,0.0,0.0,0.0,0.0174220940402919,0.0,0.0,0.0,2.715663751447774e-07,0.0,0.1603931203747383,0.0,0.0,0.723895995337184,3.877147511281119e-05,1.1456141060108147e-05,0.0,1.0197126620659187,0.4794277173469194,0.016999616215059198,0.043200760382926716,0.01353677827545161,5.109886583131726,0.05749611870884,0.1653368494288382,0.7467358527338589,0.0470816304422502,7.769333150893718
85,0.08642874988625228,0.21932835858262595,22.05280504313988,0.7453829740339296,0.807437804618378,4.893903226028506,0.0061100635035589,0.0079967614175344,7.299361746315483,0.007640812717287803,0.023060845763528064,0.2599167650022295,1.3377326853572782,6.155555529062986e-05,2.1563599469479575,0.004044857057954562,0.004824975339436126,18.46993123155824,0.02093409832522985,0.5721201396296409,7.063907066795649,0.0188165469577726,0.33558943844895495,0.0,0.3591174493786906,0.07501615449406039,0.0,0.0,0.0,0.0,0.0,2.884365530712658e-09,0.0,0.0,3.0852544197299047e-06,0.0,0.0,0.0,0.0,0.0750631363728156,0.0,0.0,0.0,3.970540972729536e-07,0.0,0.1560019060847149,0.0,0.0,0.665199043384379,0.000247783251972,3.0881387852606173e-06,0.0,0.1388680021995209,0.1764180674930484,0.007478229615017384,0.1179872194502169,0.004003211148262256,4.378060181146185,0.2435134209414905,0.45447611501801033,0.5198004880170362,0.0455246703256373,7.732090163369888
86,0.03788305560704504,0.41896065835489377,39.05457943177405,0.0185101926895378,0.8161417481165919,3.466860924019562,0.0124577502611995,0.030350070919374698,7.299361746315483,0.007640812717287803,0.023060845763528064,0.2599167650022295,1.3377326853572782,6.155555529062986e-05,1.4618776700320981,0.015935240699889035,0.008003130581716136,199.5378807365508,0.04440398989347909,1.993493988102044,4.660466701083721,0.0143569389131375,0.27248910407422827,0.0,0.1377977319260684,0.404529398261014,0.0,0.0,0.0,0.0,0.0,8.837614897611802e-11,0.0,0.0,1.24953298463991e-06,0.0,0.0,0.0,0.0,0.0070804618650477,0.0,0.0,0.0,8.561805997886455e-08,0.0,0.340021653475025,0.0,0.0,0.8894293311452154,1.4613357842983143e-06,1.249621360788886e-06,0.0,0.3008323249990666,0.10026323680160194,0.012385194155826519,1.5965570665496183,0.05786538576004574,1.1797460129648811,0.2023634458096711,0.3232558062993103,0.2795006444846428,0.12889920163286261,2.202336054398122
87,0.0995731196401339,0.33451611309813134,62.34227172864038,1.0065713536093495,0.2488301476020342,12.060431115716163,0.012791407193477001,0.025371604355722503,7.299361746315483,0.007640812717287803,0.023060845763528064,0.2599167650022295,1.3377326853572782,6.155555529062986e-05,2.326067379689548,0.004262995458755033,0.010217885631383138,0.39478841123138997,0.0009482086014604395,0.0022286674168105268,5.149843871162779,0.0661163466464813,0.5354319570949875,0.0,0.3507500016978546,0.2099843196394478,0.0,0.0,0.0,0.0,0.0,3.0882438780543213e-10,0.0,0.0,3.1900019385519267e-06,0.0,0.0,0.0,0.0,0.031593372838671904,0.0,0.0,0.0,1.6986028102707856e-07,0.0,0.1267539177011608,0.0,0.0,0.7190817817374161,5.378916344519159e-05,3.1903107629397323e-06,0.0,-0.5895910586517392,0.15929179589463024,0.03251249657585906,0.5479615281230188,0.023254705813690067,5.7522599291308305,0.0263822090525856,0.396041348750358,0.6025817301625543,0.1866275735358617,9.74138106792267
88,0.04020412807071959,0.23823438458351387,4.42385500836012,0.5405324161013711,2.272250589574093,4.975720258580966,0.0071799629364835,0.060475913146898305,9.04174726303665,0.0052871642797025125,0.0296788610159799,0.1413775134583879,0.7959939032117533,5.148737539092971e-05,3.963840149865603,0.005397002985603587,0.02916444105799132,5.659305588906871,0.011455734608100341,1.138348448510867,4.149741955510959,0.0073846870385493,1.095794284889008,0.0,0.0063820633380037,0.026800623733393,0.0,0.0,0.0,0.0,0.0,9.51387436108422e-10,0.0,0.0,7.932221769071682e-06,0.0,0.0,0.0,0.0,0.0294488582767986,0.0,0.0,0.0,1.7125337507426485e-07,0.0,0.0696899279295281,0.0,0.0,0.13232164453109851,8.47424255731973e-05,7.93317315650779e-06,0.0,0.3394668453149724,0.553548502618335,0.01740483400843183,1.0401996293717066,0.07428553219627328,5.838200391064835,0.1372978977289374,0.45697931262460834,0.3483173145404062,0.0575254505721718,4.822887554297392
89,0.18846695728966514,0.16373159975734822,57.869894812585244,0.1395245898652008,1.4968941448107178,5.428705481132008,0.0063274744814409995,0.0426470529707907,7.299361746315483,0.007640812717287803,0.023060845763528064,0.2599167650022295,1.3377326853572782,6.155555529062986e-05,17.8753998787707,0.004895127675261719,0.011069161983675762,56.242418086474565,0.04749255641058572,0.23403419779029483,6.60651415640336,0.015738082182459128,0.3506507085702657,0.0,0.1955941342839213,0.0119436197483756,0.0,0.0,0.0,0.0,0.0,3.815098337523028e-11,0.0,0.0,3.015248506395936e-07,0.0,0.0,0.0,0.0,0.0089349834874507,0.0,0.0,0.0,1.3082973830688596e-07,0.0,0.1055814188029887,0.0,0.0,0.3220542871524748,3.4315913678912434e-06,3.015630016229688e-07,0.0,0.2447371557064268,0.19644500196171152,0.014765332756785479,0.3849883773190581,0.10782585637491748,2.2708327923787035,0.1123086878942801,0.3146022694805187,0.2970654541372184,0.0770585807546286,2.157282239421541
90,0.41663965186149593,0.37801660286319666,47.831821169923906,1.1913421645069375,3.0639492187544324,3.4299539218286523,0.0021172778365466,0.0122062848552104,22.11991543802061,0.012370192237285468,0.029518953797243862,0.5446343749943066,1.0891834351323226,6.588578783386922e-05,3.059138872407804,0.002197602904941753,0.007373461898509956,68.61039251477008,0.49276060087994417,2.0975397077760896,5.689527103582775,0.023229003935683397,0.8078769510521507,0.0,0.5519682114011981,0.2597723011722392,0.0,0.0,0.0,0.0,0.0,1.8157999788689823e-09,0.0,0.0,1.865765078707475e-05,0.0,0.0,0.0,0.0,0.0644959059520907,0.0,0.0,0.0,1.4442168290745324e-07,0.0,0.1914603966465265,0.0,0.0,1.0676969595937376,0.00020170514575,1.865946658705362e-05,0.0,-0.0497730699520742,0.3730835159088062,0.0050320861311041,0.15078060824012662,0.09573776402238654,3.9133790176649943,0.17623209486234578,0.1631974486092041,0.4938128970449315,0.0835709878987197,1.7284388426987507
91,0.08122062133565822,0.4562449637274308,4.577080427998193,0.7185466601675863,2.5458097567570235,6.875820804943305,0.0064645399319113,0.0239212970764692,7.299361746315483,0.007640812717287803,0.023060845763528064,0.2599167650022295,1.3377326853572782,6.155555529062986e-05,9.820710075425502,0.009419000962957726,0.025076823977526322,10.486520895279149,0.03929684752242894,0.7454282954745234,12.773227489726752,0.09371286800758694,0.39897358409992073,0.0,0.2666134758245763,0.1519896442012984,0.0,0.0,0.0,0.0,0.0,9.927582132153367e-10,0.0,0.0,1.626751525087638e-05,0.0,0.0,0.0,0.0,0.017606973755664,0.0,0.0,0.0,2.7835673345759263e-07,0.0,0.3204226212213121,0.0,0.0,0.7566329933595843,0.000267190774497,1.6268508009089596e-05,0.0,0.1495103959381911,0.129710585509984,0.007105674658685867,0.5069178896040212,0.3045970571436429,5.743247357169384,0.1261505856164766,0.303616372284854,0.6467348733361428,0.0514268790106852,8.023530587914884
92,0.2594567722096596,0.42341765986262386,27.43821770027737,0.6158233410433154,1.6937962789159617,8.916963344900134,0.04825163061553586,0.05436580570893475,110.20701096967176,0.1516456847585236,0.3101093777654909,0.2801041834498398,1.260354589053764,5.2394815804717264e-05,3.9211168939387586,0.004028258368818454,0.012336094552158353,12.993218848519664,0.02910990340880002,0.20677937277603692,3.6240227135355565,0.0132658644010558,0.2339056484967407,0.0,0.0134947635341159,0.3031696448240116,0.0,0.0,0.0,0.0,0.0,1.8568737373758324e-10,0.0,0.0,6.044814268324608e-07,0.0,0.0,0.0,0.0,0.0045933847578347,0.0,0.0,0.0,3.8955529357188414e-08,0.0,0.1455225452773562,0.0,0.0,0.4667803773488481,5.00586792207482e-06,6.046671142061984e-07,0.0,0.8358194660570054,0.4080211809288691,0.019944173021252995,1.4368889587236098,0.25778807857667363,4.08648565577178,0.0668114908892436,0.2118925111066282,0.7616658602971794,0.22480797442864603,3.6082336524855454
93,0.06486617120516426,0.07863401431364088,15.503223035877559,0.32169102294413116,3.1168870852336545,17.90865740571771,0.0067918006475779,0.0412079639002684,14.853515989932838,0.005400294171816163,0.0188722527181156,0.9687842007444659,5.859271299342437,3.327189556527921e-05,7.050519713309942,0.028335421552067953,0.006464364380321318,6.902347376357564,0.006581678751477339,0.041303477409041264,20.463830637373622,0.0057159734988944996,0.313455263246119,0.0,0.3282037635082852,0.114338885101741,0.0,0.0,0.0,0.0,0.0,1.791475499181884e-09,0.0,0.0,1.038759125913318e-05,0.0,0.0,0.0,0.0,0.0353430799634418,0.0,0.0,0.0,2.242710410594405e-07,0.0,0.2055578689576762,0.0,0.0,0.6834438218021854,0.0001248742410974,1.038938273463236e-05,0.0,0.8372226752285549,0.3946234876159504,0.0194640593434835,0.3741373473566296,0.04831438595704579,2.634064104501541,0.1411825653794679,0.20299777203857014,0.6344550738055424,0.1116356211437687,7.31480431523136
94,0.06677195740219757,0.12248210156245193,24.045546998562767,0.19346404620949012,1.0128973842532432,5.47116861245005,0.0034899929984254997,0.018369389010749,7.299361746315483,0.007640812717287803,0.023060845763528064,0.2599167650022295,1.3377326853572782,6.155555529062986e-05,6.68941988478589,0.007141356413304925,0.012799938778751125,4.966052368463571,0.009324076049294654,0.09266406994172321,12.224550740076333,0.1220891707962693,0.32425407729670896,0.0,0.0974630721559688,0.1394394943406338,0.0,0.0,0.0,0.0,0.0,5.957976372608894e-10,0.0,0.0,6.208465308535118e-06,0.0,0.0,0.0,0.0,0.0370800525028724,0.0,0.0,0.0,2.773487445641731e-07,0.0,0.2375445743680917,0.0,0.0,0.5115274707163117,4.9320979116136505e-05,6.2090611061723785e-06,0.0,1.841556925405985,0.6959734350419504,0.0150435465256428,0.0757515972809575,0.06318720080831573,-12.308186432528382,0.1368356759837184,0.41450176957114987,0.0738538293723172,0.1612558035889918,3.1991731478284806
95,0.08468136967649169,1.016774066275424,60.4127792999567,0.5969627611996693,0.8075135159552922,9.792491024032325,0.0133815235664846,0.0383875910752316,6.489107942939441,0.003030158525406,0.0274327708111863,4.993666500879312,20.797329735816792,5.955818521577038e-07,8.5611181404529,0.005674165929143861,0.013944973897200823,4.34457562050826,0.009753127620323236,0.06932214143210563,2.029540323324108,0.132727631068947,0.3863104621126876,0.0,0.049816239327108,0.1539229158336145,0.0,0.0,0.0,0.0,0.0,3.167896761830753e-09,0.0,0.0,7.613452937548895e-06,0.0,0.0,0.0,0.0,0.0901606302412476,0.0,0.0,0.0,4.227693165423749e-07,0.0,0.10593617837286891,0.0,0.0,0.39983638654415565,0.0003220629319715,7.616620834310726e-06,0.0,0.4222351478768447,0.0962060518271619,0.0220148904883783,0.0810493672791438,0.003360889394815646,1.4279911511621621,0.2101329266296638,0.25810925802678975,0.804196423733776,0.11887563519470051,8.201831201034272
96,0.13612026123456278,0.5930416380979816,32.262270966909526,1.405410926655844,1.2952270215712356,4.310068587257099,0.0023509276414195998,0.0176607870603969,521.2524618856296,0.0913355749519486,0.9913623797100515,62.13061584534831,105.41879353751406,0.004128905220605,6.418971269222503,0.0023662062733221002,0.008658173919979315,449.74676539202494,0.10780578536583539,2.702027645260923,6.849341682763183,0.017178320626592868,0.0407762534380735,0.0,0.6988007005053747,0.3394889701827612,0.0,0.0,0.0,0.0,0.0,9.678620668571884e-11,0.0,0.0,1.4022482965603129e-06,0.0,0.0,0.0,0.0,0.0050380579727512,0.0,0.0,0.0,6.02837575816063e-07,0.0,0.28890233513604757,0.0,0.0,1.3322306666345105,1.999952216551721e-05,1.4023450827669989e-06,0.0,0.1009852965516813,0.22484658345923747,0.0179292314793887,0.1941206364572174,0.07927016602007583,-0.8036520200641497,0.2385800682701423,0.3029405218057648,0.1398749431834838,0.1274116397109254,2.6539234483434044
97,0.2318120899315154,0.4153321808307614,5.190220266726004,0.5103727193677836,1.7919749695857385,6.852765071797673,0.004904864950058201,0.011600536626369,51.627708472195714,0.04149401320074164,0.03261265304519089,0.7261057364241478,2.477640315591663,0.00016991677067782634,4.4100295229569895,0.0013996592831718915,0.016799649085046203,1.4391494970543506,0.0065856700997724196,0.024223393086035046,11.436546970639453,0.0498643408059874,2.870079920369408,0.0,0.1907249674566543,0.095649536918127,0.0,0.0,0.0,0.0,0.0,1.345754065247277e-09,0.0,0.0,2.311169808794121e-07,0.0,0.0,0.0,0.0,0.0282426619067086,0.0,0.0,0.0,1.27538966113541e-07,0.0,0.10030370437871511,0.0,0.0,0.41492099819917144,1.0636589123811322e-05,2.3246273494465934e-07,0.0,1.817747640759997,0.28870834902123077,0.0006898810488036101,0.19680272964314727,0.024340898458150004,1.5257577262440343,0.10181000753052141,0.16967190128923587,0.2031279521204987,0.0688552587479563,4.451802343348101
98,0.15401876244649215,0.25412933942562776,69.72248851387688,1.857275107712035,2.7045148650535564,5.298466792631244,0.0040280942764615996,0.0098030814162475,7.299361746315483,0.007640812717287803,0.023060845763528064,0.2599167650022295,1.3377326853572782,6.155555529062986e-05,6.469197031358549,0.0016466786369885376,0.009805309283779384,0.9970980981162527,0.0038414818630592273,0.037293122784056006,6.43531684369969,0.051488839644150894,0.8235518907923098,0.0,0.3367770610471247,0.579515548188651,0.0,0.0,0.0,0.0,0.0,2.273871893644164e-09,0.0,0.0,3.4247457410331094e-05,0.0,0.0,0.0,0.0,0.0335665790102307,0.0,0.0,0.0,3.221142690624208e-07,0.0,0.0732067063933648,0.0,0.0,1.0230662167536404,0.0001231040171817,3.424973128222474e-05,0.0,-0.8369078138916495,0.05336127236580762,0.023935950770507,1.201357954823664,0.6241618424968227,3.1482496069437222,0.0382846942349704,0.26497289726438217,0.6797070302412991,0.1334722410512082,12.913834332455947
99,0.15831462119910367,1.1840929458333618,46.25345236688031,0.3835518877236273,1.0774096638195463,2.134840689230522,0.0048500687821671,0.0100730316657519,95.146465597163,0.15819559722330423,0.09596761128027681,2.4839860213344185,27.601179313691144,0.000506800298379698,8.719688416209067,0.008719478646171844,0.016553630947659517,8.825339436602336,0.23607910893738437,0.6495661498584644,18.31895728369345,0.044390601072985696,2.4471420996847675,0.0,0.6312368529793535,0.2091197195322169,0.0,0.0,0.0,0.0,0.0,4.531930286748864e-10,0.0,0.0,5.942066338279974e-07,0.0,0.0,0.0,0.0,0.07049419547991499,0.0,0.0,0.0,4.4714118563270124e-07,0.0,0.2384090343091935,0.0,0.0,1.149260249441865,0.0001235040589725,5.946598268566722e-07,0.0,0.4805967176236021,0.2496824972813503,0.015323905009704101,0.781391545186675,0.17368456654301095,0.4288448279138476,0.19290923652637118,0.2855890956009881,0.7022725464595975,0.17950227356308368,10.594476797226013
100,0.026809658626807585,0.3017417389505607,41.242829205793775,0.152800158567882,2.517223066726074,0.47691065481743755,0.0010596758704561826,0.0045211772513831,9.763733936110087,0.008376127725431795,0.04176227768009912,0.5233859424118015,0.9539470222203771,9.041333139375849e-06,7.369951226520832,0.010491502377842042,0.03168054667833458,0.5081435895223123,0.0033940184293167453,0.16075788861621226,13.997321529108046,0.0206959075678265,2.355068634136495,0.0,0.1448511763589673,0.20758188019190088,0.0,0.0,0.0,0.0,0.0,5.7363037445786865e-09,0.0,0.0,2.5309889507826823e-05,0.0,0.0,0.0,0.0,0.0390969056329789,0.0,0.0,0.0,2.2674945812088093e-07,0.0,0.0824969363306358,0.0,0.0,0.4740271252639412,0.00018974368094,2.5315625811571405e-05,0.0,0.1649420845551871,0.20534454655183543,0.0086955267500412,0.35853204630568825,0.0049823375074880575,3.383974324846674,0.0669201809817921,0.2980708567208198,0.4354120756770319,0.0761548031801501,8.11216052868769
